Location,Loc_Code,FilmDate,Disturbance,Loc_Disturbance,Bound,Notes,,,,,,,,,,,,,,,,,
Black Point,BPT,2003-09-09,ID,BPT_ID,,,,,,,,,,,,,,,,,,,
Black Point,BPT,2005-05-20,ID,BPT_ID,,,,,,,,,,,,,,,,,,,
Black Point,BPT,2005-09-26,BL05,BPT_BL05,start,,,,,,,,,,,,,,,,,,
Black Point,BPT,2006-07-14,BL05,BPT_BL05,end,,,,,,,,,,,,,,,,,,
Black Point,BPT,2007-09-14,ID,BPT_ID,,,,,,,,,,,,,,,,,,,
Black Point,BPT,2008-09-18,ID,BPT_ID,,,,,,,,,,,,,,,,,,,
Black Point,BPT,2009-09-02,ID,BPT_ID,,,,,,,,,,,,,,,,,,,
Black Point,BPT,2010-10-21,ID,BPT_ID,,,,,,,,,,,,,,,,,,,
Black Point,BPT,2011-10-20,ID,BPT_ID,,,,,,,,,,,,,,,,,,,
Black Point,BPT,2012-10-25,ID,BPT_ID,,,,,,,,,,,,,,,,,,,
Black Point,BPT,2013-10-23,ID,BPT_ID,,,,,,,,,,,,,,,,,,,
Black Point,BPT,2014-10-17,ID,BPT_ID,,,,,,,,,,,,,,,,,,,
Black Point,BPT,2015-10-14,ID,BPT_ID,,,,,,,,,,,,,,,,,,,
Black Point,BPT,2016-10-03,Storm17,BPT_Storm17,start,,,,,,,,,,,,,,,,,,
Black Point,BPT,2017-12-07,Storm17,BPT_Storm17,end,,,,,,,,,,,,,,,,,,
Black Point,BPT,2018-03-29,ID,BPT_ID,,,,,,,,,,,,,,,,,,,
Black Point,BPT,2018-11-21,ID,BPT_ID,,,,,,,,,,,,,,,,,,,
Black Point,BPT,2019-02-12,SCTLD,BPT_SCTLD,start,,,,,,,,,,,,,,,,,,
Black Point,BPT,2019-07-09,SCTLD,BPT_SCTLD,interval,,,,,,,,,,,,,,,,,,
Black Point,BPT,2019-10-30,SCTLD,BPT_SCTLD,end,,,,,,,,,,,,,,,,,,
Black Point,BPT,2020-02-11,ID,BPT_ID,,,,,,,,,,,,,,,,,,,
Black Point,BPT,2020-07-06,ID,BPT_ID,,,,,,,,,,,,,,,,,,,
Black Point,BPT,2020-10-30,ID,BPT_ID,,,,,,,,,,,,,,,,,,,
Black Point,BPT,2021-10-22,Diadema,BPT_Diadema,start,,,,,,,,,,,,,,,,,,
Black Point,BPT,2022-10-10,Diadema,BPT_Diadema,end,,,,,,,,,,,,,,,,,,
Black Point,BPT,2023-10-17,BL23,BPT_BL23,start,,,,,,,,,,,,,,,,,,
Black Point,BPT,2024-02-15,BL23,BPT_BL23,end,,,,,,,,,,,,,,,,,,
Black Point,BPT,2024-10-11,BL24,BPT_BL24,start,,,,,,,,,,,,,,,,,,
Black Point,BPT,2025-03-26,BL24,BPT_BL24,end,,,,,,,,,,,,,,,,,,
Botany Bay,BTY,2002-05-23,ID,BTY_ID,,,,,,,,,,,,,,,,,,,
Botany Bay,BTY,2003-05-30,ID,BTY_ID,,,,,,,,,,,,,,,,,,,
Botany Bay,BTY,2004-11-04,ID,BTY_ID,,,,,,,,,,,,,,,,,,,
Botany Bay,BTY,2005-05-19,ID,BTY_ID,,,,,,,,,,,,,,,,,,,
Botany Bay,BTY,2005-10-12,BL05,BTY_BL05,start,,,,,,,,,,,,,,,,,,
Botany Bay,BTY,2006-06-21,BL05,BTY_BL05,end,,,,,,,,,,,,,,,,,,
Botany Bay,BTY,2007-08-26,ID,BTY_ID,,,,,,,,,,,,,,,,,,,
Botany Bay,BTY,2008-08-19,ID,BTY_ID,,,,,,,,,,,,,,,,,,,
Botany Bay,BTY,2009-06-25,ID,BTY_ID,,,,,,,,,,,,,,,,,,,
Botany Bay,BTY,2010-11-03,ID,BTY_ID,,,,,,,,,,,,,,,,,,,
Botany Bay,BTY,2011-10-27,ID,BTY_ID,,,,,,,,,,,,,,,,,,,
Botany Bay,BTY,2013-03-22,ID,BTY_ID,,,,,,,,,,,,,,,,,,,
Botany Bay,BTY,2013-10-29,ID,BTY_ID,,,,,,,,,,,,,,,,,,,
Botany Bay,BTY,2014-11-20,ID,BTY_ID,,,,,,,,,,,,,,,,,,,
Botany Bay,BTY,2015-11-17,ID,BTY_ID,,,,,,,,,,,,,,,,,,,
Botany Bay,BTY,2016-12-08,Storm17,BTY_Storm17,start,,,,,,,,,,,,,,,,,,
Botany Bay,BTY,2017-12-11,Storm17,BTY_Storm17,end,,,,,,,,,,,,,,,,,,
Botany Bay,BTY,2018-03-25,ID,BTY_ID,,,,,,,,,,,,,,,,,,,
Botany Bay,BTY,2018-11-24,SCTLD,BTY_SCTLD,start,,,,,,,,,,,,,,,,,,
Botany Bay,BTY,2019-08-22,SCTLD,BTY_SCTLD,interval,,,,,,,,,,,,,,,,,,
Botany Bay,BTY,2019-11-08,SCTLD,BTY_SCTLD,end,,,,,,,,,,,,,,,,,,
Botany Bay,BTY,2020-02-21,ID,BTY_ID,,,,,,,,,,,,,,,,,,,
Botany Bay,BTY,2020-07-14,ID,BTY_ID,,,,,,,,,,,,,,,,,,,
Botany Bay,BTY,2020-11-24,ID,BTY_ID,,,,,,,,,,,,,,,,,,,
Botany Bay,BTY,2021-10-18,Diadema,BTY_Diadema,start,,,,,,,,,,,,,,,,,,
Botany Bay,BTY,2022-10-03,Diadema,BTY_Diadema,end,,,,,,,,,,,,,,,,,,
Botany Bay,BTY,2023-10-12,BL23,BTY_BL23,start,,,,,,,,,,,,,,,,,,
Botany Bay,BTY,2024-04-17,BL23,BTY_BL23,end,,,,,,,,,,,,,,,,,,
Botany Bay,BTY,2024-10-17,BL24,BTY_BL24,start,,,,,,,,,,,,,,,,,,
Botany Bay,BTY,2025-03-19,BL24,BTY_BL24,end,,,,,,,,,,,,,,,,,,
Brewers Bay,BWR,2002-05-21,ID,BWR_ID,,,,,,,,,,,,,,,,,,,
Brewers Bay,BWR,2003-06-25,BL05,BWR_BL05,start,,,,,,,,,,,,,,,,,,
Brewers Bay,BWR,2008-02-18,BL05,BWR_BL05,end,,,,,,,,,,,,,,,,,,
Brewers Bay,BWR,2009-06-26,ID,BWR_ID,,,,,,,,,,,,,,,,,,,
Brewers Bay,BWR,2010-10-29,ID,BWR_ID,,,,,,,,,,,,,,,,,,,
Brewers Bay,BWR,2011-10-27,ID,BWR_ID,,,,,,,,,,,,,,,,,,,
Brewers Bay,BWR,2012-12-12,ID,BWR_ID,,,,,,,,,,,,,,,,,,,
Brewers Bay,BWR,2013-10-10,ID,BWR_ID,,,,,,,,,,,,,,,,,,,
Brewers Bay,BWR,2014-09-26,ID,BWR_ID,,,,,,,,,,,,,,,,,,,
Brewers Bay,BWR,2015-11-05,ID,BWR_ID,,,,,,,,,,,,,,,,,,,
Brewers Bay,BWR,2016-10-20,Storm17,BWR_Storm17,start,,,,,,,,,,,,,,,,,,
Brewers Bay,BWR,2017-11-28,Storm17,BWR_Storm17,end,,,,,,,,,,,,,,,,,,
Brewers Bay,BWR,2018-10-11,SCTLD,BWR_SCTLD,start,,,,,,,,,,,,,,,,,,
Brewers Bay,BWR,2019-02-11,SCTLD,BWR_SCTLD,interval,,,,,,,,,,,,,,,,,,
Brewers Bay,BWR,2019-08-22,SCTLD,BWR_SCTLD,interval,,,,,,,,,,,,,,,,,,
Brewers Bay,BWR,2019-10-29,SCTLD,BWR_SCTLD,end,,,,,,,,,,,,,,,,,,
Brewers Bay,BWR,2020-02-11,ID,BWR_ID,,,,,,,,,,,,,,,,,,,
Brewers Bay,BWR,2020-07-06,ID,BWR_ID,,,,,,,,,,,,,,,,,,,
Brewers Bay,BWR,2020-11-05,ID,BWR_ID,,,,,,,,,,,,,,,,,,,
Brewers Bay,BWR,2021-10-22,Diadema,BWR_Diadema,start,,,,,,,,,,,,,,,,,,
Brewers Bay,BWR,2022-09-28,Diadema,BWR_Diadema,end,,,,,,,,,,,,,,,,,,
Brewers Bay,BWR,2023-10-17,BL23,BWR_BL23,start,,,,,,,,,,,,,,,,,,
Brewers Bay,BWR,2024-04-11,BL23,BWR_BL23,end,,,,,,,,,,,,,,,,,,
Brewers Bay,BWR,2024-10-11,BL24,BWR_BL24,start,,,,,,,,,,,,,,,,,,
Brewers Bay,BWR,2025-03-26,BL24,BWR_BL24,end,,,,,,,,,,,,,,,,,,
Buck Island STT,BIT,2005-05-12,ID,BIT_ID,,,,,,,,,,,,,,,,,,,
Buck Island STT,BIT,2005-09-27,BL05,BIT_BL05,start,,,,,,,,,,,,,,,,,,
Buck Island STT,BIT,2006-06-28,BL05,BIT_BL05,end,,,,,,,,,,,,,,,,,,
Buck Island STT,BIT,2007-09-03,ID,BIT_ID,,,,,,,,,,,,,,,,,,,
Buck Island STT,BIT,2008-07-25,ID,BIT_ID,,,,,,,,,,,,,,,,,,,
Buck Island STT,BIT,2009-06-23,ID,BIT_ID,,,,,,,,,,,,,,,,,,,
Buck Island STT,BIT,2010-10-25,ID,BIT_ID,,,,,,,,,,,,,,,,,,,
Buck Island STT,BIT,2011-10-21,ID,BIT_ID,,,,,,,,,,,,,,,,,,,
Buck Island STT,BIT,2012-12-16,ID,BIT_ID,,,,,,,,,,,,,,,,,,,
Buck Island STT,BIT,2013-10-29,ID,BIT_ID,,,,,,,,,,,,,,,,,,,
Buck Island STT,BIT,2014-09-30,ID,BIT_ID,,,,,,,,,,,,,,,,,,,
Buck Island STT,BIT,2015-08-05,ID,BIT_ID,,,,,,,,,,,,,,,,,,,
Buck Island STT,BIT,2016-11-23,Storm17,BIT_Storm17,start,,,,,,,,,,,,,,,,,,
Buck Island STT,BIT,2017-12-05,Storm17,BIT_Storm17,end,,,,,,,,,,,,,,,,,,
Buck Island STT,BIT,2018-03-28,ID,BIT_ID,,,,,,,,,,,,,,,,,,,
Buck Island STT,BIT,2018-11-26,ID,BIT_ID,,,,,,,,,,,,,,,,,,,
Buck Island STT,BIT,2019-10-29,SCTLD,BIT_SCTLD,start,,,,,,,,,,,,,,,,,,
Buck Island STT,BIT,2020-02-26,SCTLD,BIT_SCTLD,interval,,,,,,,,,,,,,,,,,,
Buck Island STT,BIT,2020-06-30,SCTLD,BIT_SCTLD,interval,,,,,,,,,,,,,,,,,,
Buck Island STT,BIT,2020-11-05,SCTLD,BIT_SCTLD,end,,,,,,,,,,,,,,,,,,
Buck Island STT,BIT,2021-11-05,ID,BIT_ID,,,,,,,,,,,,,,,,,,,
Buck Island STT,BIT,2022-10-17,ID,BIT_ID,,,,,,,,,,,,,,,,,,,
Buck Island STT,BIT,2023-10-19,BL23,BIT_BL23,start,,,,,,,,,,,,,,,,,,
Buck Island STT,BIT,2024-04-22,BL23,BIT_BL23,end,,,,,,,,,,,,,,,,,,
Buck Island STT,BIT,2024-10-18,BL24,BIT_BL24,start,,,,,,,,,,,,,,,,,,
Buck Island STT,BIT,2025-03-20,BL24,BIT_BL24,end,,,,,,,,,,,,,,,,,,
Buck Island STX,BIX,2001-08-10,ID,BIX_ID,,,,,,,,,,,,,,,,,,,
Buck Island STX,BIX,2002-01-14,ID,BIX_ID,,,,,,,,,,,,,,,,,,,
Buck Island STX,BIX,2003-03-29,ID,BIX_ID,,,,,,,,,,,,,,,,,,,
Buck Island STX,BIX,2003-05-04,ID,BIX_ID,,,,,,,,,,,,,,,,,,,
Buck Island STX,BIX,2004-05-05,ID,BIX_ID,,,,,,,,,,,,,,,,,,,
Buck Island STX,BIX,2005-08-09,BL05,BIX_BL05,start,,,,,,,,,,,,,,,,,,
Buck Island STX,BIX,2006-03-03,BL05,BIX_BL05,end,,,,,,,,,,,,,,,,,,
Buck Island STX,BIX,2006-12-11,ID,BIX_ID,,,,,,,,,,,,,,,,,,,
Buck Island STX,BIX,2007-09-25,ID,BIX_ID,,,,,,,,,,,,,,,,,,,
Buck Island STX,BIX,2008-09-04,ID,BIX_ID,,,,,,,,,,,,,,,,,,,
Buck Island STX,BIX,2009-10-07,ID,BIX_ID,,,,,,,,,,,,,,,,,,,
Buck Island STX,BIX,2010-08-10,ID,BIX_ID,,,,,,,,,,,,,,,,,,,
Buck Island STX,BIX,2011-07-19,ID,BIX_ID,,,,,,,,,,,,,,,,,,,
Buck Island STX,BIX,2012-08-13,ID,BIX_ID,,,,,,,,,,,,,,,,,,,
Buck Island STX,BIX,2013-08-13,ID,BIX_ID,,,,,,,,,,,,,,,,,,,
Buck Island STX,BIX,2014-12-09,ID,BIX_ID,,,,,,,,,,,,,,,,,,,
Buck Island STX,BIX,2015-10-01,ID,BIX_ID,,,,,,,,,,,,,,,,,,,
Buck Island STX,BIX,2016-10-11,Storm17,BIX_Storm17,start,,,,,,,,,,,,,,,,,,
Buck Island STX,BIX,2018-02-25,Storm17,BIX_Storm17,end,,,,,,,,,,,,,,,,,,
Buck Island STX,BIX,2018-11-01,ID,BIX_ID,,,,,,,,,,,,,,,,,,,
Buck Island STX,BIX,2019-10-15,ID,BIX_ID,,,,,,,,,,,,,,,,,,,
Buck Island STX,BIX,2019-12-03,SCTLD,BIX_SCTLD,start,,,,,,,,,,,,,,,,,,
Buck Island STX,BIX,2021-03-12,SCTLD,BIX_SCTLD,interval,,,,,,,,,,,,,,,,,,
Buck Island STX,BIX,2021-11-11,SCTLD,BIX_SCTLD,end,,,,,,,,,,,,,,,,,,
Buck Island STX,BIX,2022-10-17,ID,BIX_ID,,,,,,,,,,,,,,,,,,,
Buck Island STX,BIX,2023-11-09,BL23,BIX_BL23,start,,,,,,,,,,,,,,,,,,
Buck Island STX,BIX,2024-03-13,BL23,BIX_BL23,end,,,,,,,,,,,,,,,,,,
Buck Island STX,BIX,2024-11-11,BL24,BIX_BL24,start,,,,,,,,,,,,,,,,,,
Buck Island STX,BIX,2025-04-11,BL24,BIX_BL24,end,,,,,,,,,,,,,,,,,,
Buck Island STX Deep,BID,2017-04-03,ID,BID_ID,,,,,,,,,,,,,,,,,,,
Buck Island STX Deep,BID,2018-11-01,ID,BID_ID,,,,,,,,,,,,,,,,,,,
Buck Island STX Deep,BID,2019-10-15,BL19,BID_BL19,start,,,,,,,,,,,,,,,,,,
Buck Island STX Deep,BID,2019-12-03,BL19,BID_BL19,end,repeat row,,,,,,,,,,,,,,,,,
Buck Island STX Deep,BID,2019-12-03,SCTLD,BID_SCTLD,start,,,,,,,,,,,,,,,,,,
Buck Island STX Deep,BID,2021-03-15,SCTLD,BID_SCTLD,interval,,,,,,,,,,,,,,,,,,
Buck Island STX Deep,BID,2021-11-15,SCTLD,BID_SCTLD,end,,,,,,,,,,,,,,,,,,
Buck Island STX Deep,BID,2022-10-19,ID,BID_ID,,,,,,,,,,,,,,,,,,,
Buck Island STX Deep,BID,2023-11-09,BL23,BID_BL23,start,,,,,,,,,,,,,,,,,,
Buck Island STX Deep,BID,2024-03-11,BL23,BID_BL23,end,,,,,,,,,,,,,,,,,,
Buck Island STX Deep,BID,2024-11-11,BL24,BID_BL24,start,,,,,,,,,,,,,,,,,,
Buck Island STX Deep,BID,2025-04-11,BL24,BID_BL24,end,,,,,,,,,,,,,,,,,,
Cane Bay,CBS,2001-04-25,ID,CBS_ID,,,,,,,,,,,,,,,,,,,
Cane Bay,CBS,2002-05-29,ID,CBS_ID,,,,,,,,,,,,,,,,,,,
Cane Bay,CBS,2003-04-21,ID,CBS_ID,,,,,,,,,,,,,,,,,,,
Cane Bay,CBS,2004-05-25,ID,CBS_ID,,,,,,,,,,,,,,,,,,,
Cane Bay,CBS,2005-08-29,ID,CBS_ID,,,,,,,,,,,,,,,,,,,
Cane Bay,CBS,2005-10-17,BL05,CBS_BL05,start,,,,,,,,,,,,,,,,,,
Cane Bay,CBS,2006-12-07,BL05,CBS_BL05,end,,,,,,,,,,,,,,,,,,
Cane Bay,CBS,2007-09-28,ID,CBS_ID,,,,,,,,,,,,,,,,,,,
Cane Bay,CBS,2008-09-03,ID,CBS_ID,,,,,,,,,,,,,,,,,,,
Cane Bay,CBS,2009-10-11,ID,CBS_ID,,,,,,,,,,,,,,,,,,,
Cane Bay,CBS,2010-08-08,ID,CBS_ID,,,,,,,,,,,,,,,,,,,
Cane Bay,CBS,2011-07-20,ID,CBS_ID,,,,,,,,,,,,,,,,,,,
Cane Bay,CBS,2012-08-12,ID,CBS_ID,,,,,,,,,,,,,,,,,,,
Cane Bay,CBS,2013-08-12,ID,CBS_ID,,,,,,,,,,,,,,,,,,,
Cane Bay,CBS,2014-10-12,ID,CBS_ID,,,,,,,,,,,,,,,,,,,
Cane Bay,CBS,2015-10-02,ID,CBS_ID,,,,,,,,,,,,,,,,,,,
Cane Bay,CBS,2016-10-12,Storm17,CBS_Storm17,start,,,,,,,,,,,,,,,,,,
Cane Bay,CBS,2018-02-27,Storm17,CBS_Storm17,end,,,,,,,,,,,,,,,,,,
Cane Bay,CBS,2018-11-05,ID,CBS_ID,,,,,,,,,,,,,,,,,,,
Cane Bay,CBS,2019-10-18,ID,CBS_ID,,,,,,,,,,,,,,,,,,,
Cane Bay,CBS,2019-12-02,SCTLD,CBS_SCTLD,start,,,,,,,,,,,,,,,,,,
Cane Bay,CBS,2021-04-06,SCTLD,CBS_SCTLD,interval,,,,,,,,,,,,,,,,,,
Cane Bay,CBS,2021-11-15,SCTLD,CBS_SCTLD,end,,,,,,,,,,,,,,,,,,
Cane Bay,CBS,2022-11-18,ID,CBS_ID,,,,,,,,,,,,,,,,,,,
Cane Bay,CBS,2023-11-12,BL23,CBS_BL23,start,,,,,,,,,,,,,,,,,,
Cane Bay,CBS,2024-03-13,BL23,CBS_BL23,end,,,,,,,,,,,,,,,,,,
Cane Bay,CBS,2024-11-12,BL24,CBS_BL24,start,,,,,,,,,,,,,,,,,,
Cane Bay,CBS,2025-04-16,BL24,CBS_BL24,end,,,,,,,,,,,,,,,,,,
Cane Bay Deep,CBD,2009-10-11,ID,CBD_ID,,,,,,,,,,,,,,,,,,,
Cane Bay Deep,CBD,2010-08-08,ID,CBD_ID,,,,,,,,,,,,,,,,,,,
Cane Bay Deep,CBD,2011-07-20,ID,CBD_ID,,,,,,,,,,,,,,,,,,,
Cane Bay Deep,CBD,2012-08-12,ID,CBD_ID,,,,,,,,,,,,,,,,,,,
Cane Bay Deep,CBD,2013-08-12,ID,CBD_ID,,,,,,,,,,,,,,,,,,,
Cane Bay Deep,CBD,2014-10-12,ID,CBD_ID,,,,,,,,,,,,,,,,,,,
Cane Bay Deep,CBD,2015-10-02,ID,CBD_ID,,,,,,,,,,,,,,,,,,,
Cane Bay Deep,CBD,2016-10-12,Storm17,CBD_Storm17,start,,,,,,,,,,,,,,,,,,
Cane Bay Deep,CBD,2018-02-27,Storm17,CBD_Storm17,end,,,,,,,,,,,,,,,,,,
Cane Bay Deep,CBD,2018-11-05,ID,CBD_ID,,,,,,,,,,,,,,,,,,,
Cane Bay Deep,CBD,2019-10-18,BL19,CBD_BL19,start,,,,,,,,,,,,,,,,,,
Cane Bay Deep,CBD,2019-12-02,BL19,CBD_BL19,end,repear row,,,,,,,,,,,,,,,,,
Cane Bay Deep,CBD,2019-12-02,SCTLD,CBD_SCTLD,start,,,,,,,,,,,,,,,,,,
Cane Bay Deep,CBD,2021-04-06,SCTLD,CBD_SCTLD,interval,,,,,,,,,,,,,,,,,,
Cane Bay Deep,CBD,2021-11-16,SCTLD,CBD_SCTLD,end,,,,,,,,,,,,,,,,,,
Cane Bay Deep,CBD,2022-11-18,ID,CBD_ID,,,,,,,,,,,,,,,,,,,
Cane Bay Deep,CBD,2023-11-12,BL23,CBD_BL23,start,,,,,,,,,,,,,,,,,,
Cane Bay Deep,CBD,2024-03-13,BL23,CBD_BL23,end,,,,,,,,,,,,,,,,,,
Cane Bay Deep,CBD,2024-11-12,BL24,CBD_BL24,start,,,,,,,,,,,,,,,,,,
Cane Bay Deep,CBD,2025-04-16,BL24,CBD_BL24,end,,,,,,,,,,,,,,,,,,
Castle,CST,2003-03-10,ID,CST_ID,,,,,,,,,,,,,,,,,,,
Castle,CST,2010-01-22,ID,CST_ID,,,,,,,,,,,,,,,,,,,
Castle,CST,2010-08-10,ID,CST_ID,,,,,,,,,,,,,,,,,,,
Castle,CST,2011-07-19,ID,CST_ID,,,,,,,,,,,,,,,,,,,
Castle,CST,2012-08-15,ID,CST_ID,,,,,,,,,,,,,,,,,,,
Castle,CST,2013-08-15,ID,CST_ID,,,,,,,,,,,,,,,,,,,
Castle,CST,2014-12-09,ID,CST_ID,,,,,,,,,,,,,,,,,,,
Castle,CST,2015-10-03,ID,CST_ID,,,,,,,,,,,,,,,,,,,
Castle,CST,2016-10-11,Storm17,CST_Storm17,start,,,,,,,,,,,,,,,,,,
Castle,CST,2018-02-28,Storm17,CST_Storm17,end,,,,,,,,,,,,,,,,,,
Castle,CST,2018-11-02,ID,CST_ID,,,,,,,,,,,,,,,,,,,
Castle,CST,2019-10-16,SCTLD,CST_SCTLD,start,,,,,,,,,,,,,,,,,,
Castle,CST,2021-04-07,SCTLD,CST_SCTLD,interval,,,,,,,,,,,,,,,,,,
Castle,CST,2021-11-14,SCTLD,CST_SCTLD,end,,,,,,,,,,,,,,,,,,
Castle,CST,2022-10-19,Diadema,CST_Diadema,start,,,,,,,,,,,,,,,,,,
Castle,CST,2023-11-13,Diadema,CST_Diadema,end,repeat row,,,,,,,,,,,,,,,,,
Castle,CST,2023-11-13,BL23,CST_BL23,start,,,,,,,,,,,,,,,,,,
Castle,CST,2024-03-11,BL23,CST_BL23,end,,,,,,,,,,,,,,,,,,
Castle,CST,2024-11-12,BL24,CST_BL24,start,,,,,,,,,,,,,,,,,,
Castle,CST,2025-04-11,BL24,CST_BL24,end,,,,,,,,,,,,,,,,,,
Coculus Rock,CKR,2001-09-25,ID,CKR_ID,,,,,,,,,,,,,,,,,,,
Coculus Rock,CKR,2002-05-13,ID,CKR_ID,,,,,,,,,,,,,,,,,,,
Coculus Rock,CKR,2003-05-20,ID,CKR_ID,,,,,,,,,,,,,,,,,,,
Coculus Rock,CKR,2004-12-07,ID,CKR_ID,,,,,,,,,,,,,,,,,,,
Coculus Rock,CKR,2005-06-15,ID,CKR_ID,,,,,,,,,,,,,,,,,,,
Coculus Rock,CKR,2005-09-28,BL05,CKR_BL05,start,,,,,,,,,,,,,,,,,,
Coculus Rock,CKR,2006-06-23,BL05,CKR_BL05,end,,,,,,,,,,,,,,,,,,
Coculus Rock,CKR,2007-06-28,ID,CKR_ID,,,,,,,,,,,,,,,,,,,
Coculus Rock,CKR,2008-10-28,ID,CKR_ID,,,,,,,,,,,,,,,,,,,
Coculus Rock,CKR,2009-09-09,ID,CKR_ID,,,,,,,,,,,,,,,,,,,
Coculus Rock,CKR,2010-10-19,ID,CKR_ID,,,,,,,,,,,,,,,,,,,
Coculus Rock,CKR,2011-10-18,ID,CKR_ID,,,,,,,,,,,,,,,,,,,
Coculus Rock,CKR,2012-10-31,ID,CKR_ID,,,,,,,,,,,,,,,,,,,
Coculus Rock,CKR,2013-10-22,ID,CKR_ID,,,,,,,,,,,,,,,,,,,
Coculus Rock,CKR,2014-10-22,ID,CKR_ID,,,,,,,,,,,,,,,,,,,
Coculus Rock,CKR,2015-10-14,ID,CKR_ID,,,,,,,,,,,,,,,,,,,
Coculus Rock,CKR,2016-10-06,Storm17,CKR_Storm17,start,,,,,,,,,,,,,,,,,,
Coculus Rock,CKR,2017-12-02,Storm17,CKR_Storm17,end,,,,,,,,,,,,,,,,,,
Coculus Rock,CKR,2018-04-03,ID,CKR_ID,,,,,,,,,,,,,,,,,,,
Coculus Rock,CKR,2018-11-25,ID,CKR_ID,,,,,,,,,,,,,,,,,,,
Coculus Rock,CKR,2019-12-05,ID,CKR_ID,,,,,,,,,,,,,,,,,,,
Coculus Rock,CKR,2020-02-26,SCTLD,CKR_SCTLD,start,,,,,,,,,,,,,,,,,,
Coculus Rock,CKR,2020-07-14,SCTLD,CKR_SCTLD,interval,,,,,,,,,,,,,,,,,,
Coculus Rock,CKR,2020-12-14,SCTLD,CKR_SCTLD,end,,,,,,,,,,,,,,,,,,
Coculus Rock,CKR,2021-10-19,Diadema,CKR_Diadema,start,,,,,,,,,,,,,,,,,,
Coculus Rock,CKR,2022-10-04,Diadema,CKR_Diadema,end,,,,,,,,,,,,,,,,,,
Coculus Rock,CKR,2023-10-13,BL23,CKR_BL23,start,,,,,,,,,,,,,,,,,,
Coculus Rock,CKR,2024-04-26,BL23,CKR_BL23,end,,,,,,,,,,,,,,,,,,
Coculus Rock,CKR,2024-10-18,BL24,CKR_BL24,start,,,,,,,,,,,,,,,,,,
Coculus Rock,CKR,2025-05-08,BL24,CKR_BL24,end,,,,,,,,,,,,,,,,,,
College Shoal East,CSE,2003-04-04,ID,CSE_ID,,,,,,,,,,,,,,,,,,,
College Shoal East,CSE,2005-04-28,ID,CSE_ID,,,,,,,,,,,,,,,,,,,
College Shoal East,CSE,2005-10-18,BL05,CSE_BL05,start,,,,,,,,,,,,,,,,,,
College Shoal East,CSE,2006-07-31,BL05,CSE_BL05,end,,,,,,,,,,,,,,,,,,
College Shoal East,CSE,2007-09-20,ID,CSE_ID,,,,,,,,,,,,,,,,,,,
College Shoal East,CSE,2008-08-04,ID,CSE_ID,,,,,,,,,,,,,,,,,,,
College Shoal East,CSE,2009-09-15,ID,CSE_ID,,,,,,,,,,,,,,,,,,,
College Shoal East,CSE,2010-12-02,ID,CSE_ID,,,,,,,,,,,,,,,,,,,
College Shoal East,CSE,2011-10-07,ID,CSE_ID,,,,,,,,,,,,,,,,,,,
College Shoal East,CSE,2012-10-04,ID,CSE_ID,,,,,,,,,,,,,,,,,,,
College Shoal East,CSE,2013-10-13,ID,CSE_ID,,,,,,,,,,,,,,,,,,,
College Shoal East,CSE,2014-11-13,ID,CSE_ID,,,,,,,,,,,,,,,,,,,
College Shoal East,CSE,2015-11-13,ID,CSE_ID,,,,,,,,,,,,,,,,,,,
College Shoal East,CSE,2016-12-06,ID,CSE_ID,,,,,,,,,,,,,,,,,,,
College Shoal East,CSE,2018-04-17,ID,CSE_ID,,,,,,,,,,,,,,,,,,,
College Shoal East,CSE,2018-12-05,SCTLD,CSE_SCTLD,start,,,,,,,,,,,,,,,,,,
College Shoal East,CSE,2019-11-25,SCTLD,CSE_SCTLD,interval,,,,,,,,,,,,,,,,,,
College Shoal East,CSE,2020-03-02,SCTLD,CSE_SCTLD,end,,,,,,,,,,,,,,,,,,
College Shoal East,CSE,2020-07-20,ID,CSE_ID,,,,,,,,,,,,,,,,,,,
College Shoal East,CSE,2020-12-04,ID,CSE_ID,,,,,,,,,,,,,,,,,,,
College Shoal East,CSE,2021-12-03,ID,CSE_ID,,,,,,,,,,,,,,,,,,,
College Shoal East,CSE,2022-11-08,ID,CSE_ID,,,,,,,,,,,,,,,,,,,
College Shoal East,CSE,2023-12-06,BL23,CSE_BL23,start,,,,,,,,,,,,,,,,,,
College Shoal East,CSE,2024-05-14,BL23,CSE_BL23,end,,,,,,,,,,,,,,,,,,
College Shoal East,CSE,2024-11-21,BL24,CSE_BL24,start,,,,,,,,,,,,,,,,,,
College Shoal East,CSE,2025-04-08,BL24,CSE_BL24,end,,,,,,,,,,,,,,,,,,
Coral Bay,CRB,2011-10-11,ID,CRB_ID,,,,,,,,,,,,,,,,,,,
Coral Bay,CRB,2012-12-03,ID,CRB_ID,,,,,,,,,,,,,,,,,,,
Coral Bay,CRB,2014-01-23,ID,CRB_ID,,,,,,,,,,,,,,,,,,,
Coral Bay,CRB,2014-12-08,ID,CRB_ID,,,,,,,,,,,,,,,,,,,
Coral Bay,CRB,2015-10-16,ID,CRB_ID,,,,,,,,,,,,,,,,,,,
Coral Bay,CRB,2016-10-24,Storm17,CRB_Storm17,start,,,,,,,,,,,,,,,,,,
Coral Bay,CRB,2018-01-18,Storm17,CRB_Storm17,end,,,,,,,,,,,,,,,,,,
Coral Bay,CRB,2018-10-25,ID,CRB_ID,,,,,,,,,,,,,,,,,,,
Coral Bay,CRB,2019-12-05,ID,CRB_ID,,,,,,,,,,,,,,,,,,,
Coral Bay,CRB,2020-02-24,SCTLD,CRB_SCTLD,start,,,,,,,,,,,,,,,,,,
Coral Bay,CRB,2020-12-10,SCTLD,CRB_SCTLD,interval,,,,,,,,,,,,,,,,,,
Coral Bay,CRB,2021-10-19,SCTLD,CRB_SCTLD,end,,,,,,,,,,,,,,,,,,
Coral Bay,CRB,2022-09-08,Diadema,CRB_Diadema,start,,,,,,,,,,,,,,,,,,
Coral Bay,CRB,2023-10-13,Diadema,CRB_Diadema,end,repeat row,,,,,,,,,,,,,,,,,
Coral Bay,CRB,2023-10-13,BL23,CRB_BL23,start,,,,,,,,,,,,,,,,,,
Coral Bay,CRB,2024-02-16,BL23,CRB_BL23,end,,,,,,,,,,,,,,,,,,
Coral Bay,CRB,2024-10-24,BL24,CRB_BL24,start,,,,,,,,,,,,,,,,,,
Coral Bay,CRB,2025-05-08,BL24,CRB_BL24,end,,,,,,,,,,,,,,,,,,
Eagle Ray,EGR,2001-07-27,ID,EGR_ID,,,,,,,,,,,,,,,,,,,
Eagle Ray,EGR,2002-05-30,ID,EGR_ID,,,,,,,,,,,,,,,,,,,
Eagle Ray,EGR,2003-03-28,ID,EGR_ID,,,,,,,,,,,,,,,,,,,
Eagle Ray,EGR,2004-05-03,ID,EGR_ID,,,,,,,,,,,,,,,,,,,
Eagle Ray,EGR,2005-08-08,ID,EGR_ID,,,,,,,,,,,,,,,,,,,
Eagle Ray,EGR,2005-11-02,BL05,EGR_BL05,start,,,,,,,,,,,,,,,,,,
Eagle Ray,EGR,2006-12-05,BL05,EGR_BL05,end,,,,,,,,,,,,,,,,,,
Eagle Ray,EGR,2007-09-25,ID,EGR_ID,,,,,,,,,,,,,,,,,,,
Eagle Ray,EGR,2008-09-02,ID,EGR_ID,,,,,,,,,,,,,,,,,,,
Eagle Ray,EGR,2009-10-15,ID,EGR_ID,,,,,,,,,,,,,,,,,,,
Eagle Ray,EGR,2010-08-10,ID,EGR_ID,,,,,,,,,,,,,,,,,,,
Eagle Ray,EGR,2011-07-17,ID,EGR_ID,,,,,,,,,,,,,,,,,,,
Eagle Ray,EGR,2012-08-17,ID,EGR_ID,,,,,,,,,,,,,,,,,,,
Eagle Ray,EGR,2013-08-15,ID,EGR_ID,,,,,,,,,,,,,,,,,,,
Eagle Ray,EGR,2014-12-09,ID,EGR_ID,,,,,,,,,,,,,,,,,,,
Eagle Ray,EGR,2015-10-03,ID,EGR_ID,,,,,,,,,,,,,,,,,,,
Eagle Ray,EGR,2016-10-14,ID,EGR_ID,,,,,,,,,,,,,,,,,,,
Eagle Ray,EGR,2018-02-27,ID,EGR_ID,,,,,,,,,,,,,,,,,,,
Eagle Ray,EGR,2018-11-02,ID,EGR_ID,,,,,,,,,,,,,,,,,,,
Eagle Ray,EGR,2019-10-16,SCTLD,EGR_SCTLD,start,,,,,,,,,,,,,,,,,,
Eagle Ray,EGR,2021-04-07,SCTLD,EGR_SCTLD,interval,,,,,,,,,,,,,,,,,,
Eagle Ray,EGR,2021-11-15,SCTLD,EGR_SCTLD,end,,,,,,,,,,,,,,,,,,
Eagle Ray,EGR,2022-10-20,ID,EGR_ID,,,,,,,,,,,,,,,,,,,
Eagle Ray,EGR,2023-11-11,BL23,EGR_BL23,start,,,,,,,,,,,,,,,,,,
Eagle Ray,EGR,2024-03-13,BL23,EGR_BL23,end,,,,,,,,,,,,,,,,,,
Eagle Ray,EGR,2024-11-14,BL24,EGR_BL24,start,,,,,,,,,,,,,,,,,,
Eagle Ray,EGR,2025-04-12,BL24,EGR_BL24,end,,,,,,,,,,,,,,,,,,
Fish Bay,FSB,2001-10-24,ID,FSB_ID,,,,,,,,,,,,,,,,,,,
Fish Bay,FSB,2002-02-15,ID,FSB_ID,,,,,,,,,,,,,,,,,,,
Fish Bay,FSB,2003-05-05,ID,FSB_ID,,,,,,,,,,,,,,,,,,,
Fish Bay,FSB,2004-01-15,ID,FSB_ID,,,,,,,,,,,,,,,,,,,
Fish Bay,FSB,2005-06-01,ID,FSB_ID,,,,,,,,,,,,,,,,,,,
Fish Bay,FSB,2005-10-06,BL05,FSB_BL05,start,,,,,,,,,,,,,,,,,,
Fish Bay,FSB,2006-07-03,BL05,FSB_BL05,end,,,,,,,,,,,,,,,,,,
Fish Bay,FSB,2007-09-04,ID,FSB_ID,,,,,,,,,,,,,,,,,,,
Fish Bay,FSB,2008-07-29,ID,FSB_ID,,,,,,,,,,,,,,,,,,,
Fish Bay,FSB,2009-06-30,ID,FSB_ID,,,,,,,,,,,,,,,,,,,
Fish Bay,FSB,2010-11-30,ID,FSB_ID,,,,,,,,,,,,,,,,,,,
Fish Bay,FSB,2011-09-16,ID,FSB_ID,,,,,,,,,,,,,,,,,,,
Fish Bay,FSB,2012-10-11,ID,FSB_ID,,,,,,,,,,,,,,,,,,,
Fish Bay,FSB,2014-01-20,ID,FSB_ID,,,,,,,,,,,,,,,,,,,
Fish Bay,FSB,2014-12-08,ID,FSB_ID,,,,,,,,,,,,,,,,,,,
Fish Bay,FSB,2015-10-16,ID,FSB_ID,,,,,,,,,,,,,,,,,,,
Fish Bay,FSB,2016-10-24,ID,FSB_ID,,,,,,,,,,,,,,,,,,,
Fish Bay,FSB,2018-06-05,ID,FSB_ID,,,,,,,,,,,,,,,,,,,
Fish Bay,FSB,2018-10-25,ID,FSB_ID,,,,,,,,,,,,,,,,,,,
Fish Bay,FSB,2019-12-05,ID,FSB_ID,,,,,,,,,,,,,,,,,,,
Fish Bay,FSB,2020-03-05,SCTLD,FSB_SCTLD,start,,,,,,,,,,,,,,,,,,
Fish Bay,FSB,2020-12-10,SCTLD,FSB_SCTLD,interval,,,,,,,,,,,,,,,,,,
Fish Bay,FSB,2021-10-19,SCTLD,FSB_SCTLD,end,,,,,,,,,,,,,,,,,,
Fish Bay,FSB,2022-09-08,ID,FSB_ID,,,,,,,,,,,,,,,,,,,
Fish Bay,FSB,2023-10-13,BL23,FSB_BL23,start,,,,,,,,,,,,,,,,,,
Fish Bay,FSB,2024-02-16,BL23,FSB_BL23,end,,,,,,,,,,,,,,,,,,
Fish Bay,FSB,2024-10-24,BL24,FSB_BL24,start,,,,,,,,,,,,,,,,,,
Fish Bay,FSB,2025-05-08,BL24,FSB_BL24,end,,,,,,,,,,,,,,,,,,
Flat Cay,FLC,2003-06-04,ID,FLC_ID,,,,,,,,,,,,,,,,,,,
Flat Cay,FLC,2004-12-07,ID,FLC_ID,,,,,,,,,,,,,,,,,,,
Flat Cay,FLC,2005-05-12,ID,FLC_ID,,,,,,,,,,,,,,,,,,,
Flat Cay,FLC,2005-09-27,BL05,FLC_BL05,start,,,,,,,,,,,,,,,,,,
Flat Cay,FLC,2006-06-28,BL05,FLC_BL05,end,,,,,,,,,,,,,,,,,,
Flat Cay,FLC,2007-08-22,ID,FLC_ID,,,,,,,,,,,,,,,,,,,
Flat Cay,FLC,2008-09-16,ID,FLC_ID,,,,,,,,,,,,,,,,,,,
Flat Cay,FLC,2009-11-02,ID,FLC_ID,,,,,,,,,,,,,,,,,,,
Flat Cay,FLC,2010-10-21,ID,FLC_ID,,,,,,,,,,,,,,,,,,,
Flat Cay,FLC,2011-10-20,ID,FLC_ID,,,,,,,,,,,,,,,,,,,
Flat Cay,FLC,2012-10-25,ID,FLC_ID,,,,,,,,,,,,,,,,,,,
Flat Cay,FLC,2013-10-23,ID,FLC_ID,,,,,,,,,,,,,,,,,,,
Flat Cay,FLC,2014-10-17,ID,FLC_ID,,,,,,,,,,,,,,,,,,,
Flat Cay,FLC,2015-10-14,ID,FLC_ID,,,,,,,,,,,,,,,,,,,
Flat Cay,FLC,2016-10-04,Storm17,FLC_Storm17,start,,,,,,,,,,,,,,,,,,
Flat Cay,FLC,2017-12-12,Storm17,FLC_Storm17,end,,,,,,,,,,,,,,,,,,
Flat Cay,FLC,2018-11-28,SCTLD,FLC_SCTLD,start,,,,,,,,,,,,,,,,,,
Flat Cay,FLC,2019-02-07,SCTLD,FLC_SCTLD,interval,,,,,,,,,,,,,,,,,,
Flat Cay,FLC,2019-03-21,SCTLD,FLC_SCTLD,interval,,,,,,,,,,,,,,,,,,
Flat Cay,FLC,2019-07-09,SCTLD,FLC_SCTLD,interval,,,,,,,,,,,,,,,,,,
Flat Cay,FLC,2019-10-30,SCTLD,FLC_SCTLD,end,,,,,,,,,,,,,,,,,,
Flat Cay,FLC,2020-02-11,ID,FLC_ID,,,,,,,,,,,,,,,,,,,
Flat Cay,FLC,2020-07-06,ID,FLC_ID,,,,,,,,,,,,,,,,,,,
Flat Cay,FLC,2020-10-30,ID,FLC_ID,,,,,,,,,,,,,,,,,,,
Flat Cay,FLC,2021-10-22,ID,FLC_ID,,,,,,,,,,,,,,,,,,,
Flat Cay,FLC,2022-10-10,ID,FLC_ID,,,,,,,,,,,,,,,,,,,
Flat Cay,FLC,2023-10-17,BL23,FLC_BL23,start,,,,,,,,,,,,,,,,,,
Flat Cay,FLC,2024-02-15,BL23,FLC_BL23,end,,,,,,,,,,,,,,,,,,
Flat Cay,FLC,2024-10-22,BL24,FLC_BL24,start,,,,,,,,,,,,,,,,,,
Flat Cay,FLC,2025-03-27,BL24,FLC_BL24,end,,,,,,,,,,,,,,,,,,
Ginsburg Fringe,GBF,2011-04-19,ID,GBF_ID,,,,,,,,,,,,,,,,,,,
Ginsburg Fringe,GBF,2013-02-21,ID,GBF_ID,,,,,,,,,,,,,,,,,,,
Ginsburg Fringe,GBF,2013-12-06,ID,GBF_ID,,,,,,,,,,,,,,,,,,,
Ginsburg Fringe,GBF,2014-12-15,ID,GBF_ID,,,,,,,,,,,,,,,,,,,
Ginsburg Fringe,GBF,2015-11-13,ID,GBF_ID,,,,,,,,,,,,,,,,,,,
Ginsburg Fringe,GBF,2017-04-20,ID,GBF_ID,,,,,,,,,,,,,,,,,,,
Ginsburg Fringe,GBF,2018-05-22,ID,GBF_ID,,,,,,,,,,,,,,,,,,,
Ginsburg Fringe,GBF,2018-12-12,ID,GBF_ID,,,,,,,,,,,,,,,,,,,
Ginsburg Fringe,GBF,2020-01-28,ID,GBF_ID,,,,,,,,,,,,,,,,,,,
Ginsburg Fringe,GBF,2021-04-15,ID,GBF_ID,,,,,,,,,,,,,,,,,,,
Ginsburg Fringe,GBF,2022-12-02,ID,GBF_ID,,,,,,,,,,,,,,,,,,,
Ginsburg Fringe,GBF,2023-10-26,BL23,GBF_BL23,start,,,,,,,,,,,,,,,,,,
Ginsburg Fringe,GBF,2024-05-22,BL23,GBF_BL23,end,,,,,,,,,,,,,,,,,,
Ginsburg Fringe,GBF,2025-01-17,BL24,GBF_BL24,start,,,,,,,,,,,,,,,,,,
Ginsburg Fringe,GBF,2025-02-26,BL24,GBF_BL24,end,,,,,,,,,,,,,,,,,,
Grammanik Tiger FSA,GKT,2003-04-03,ID,GKT_ID,,,,,,,,,,,,,,,,,,,
Grammanik Tiger FSA,GKT,2004-06-15,ID,GKT_ID,,,,,,,,,,,,,,,,,,,
Grammanik Tiger FSA,GKT,2005-04-27,ID,GKT_ID,,,,,,,,,,,,,,,,,,,
Grammanik Tiger FSA,GKT,2005-10-04,BL05,GKT_BL05,start,,,,,,,,,,,,,,,,,,
Grammanik Tiger FSA,GKT,2006-07-26,BL05,GKT_BL05,end,,,,,,,,,,,,,,,,,,
Grammanik Tiger FSA,GKT,2007-09-13,ID,GKT_ID,,,,,,,,,,,,,,,,,,,
Grammanik Tiger FSA,GKT,2008-07-24,ID,GKT_ID,,,,,,,,,,,,,,,,,,,
Grammanik Tiger FSA,GKT,2009-09-16,ID,GKT_ID,,,,,,,,,,,,,,,,,,,
Grammanik Tiger FSA,GKT,2010-12-03,ID,GKT_ID,,,,,,,,,,,,,,,,,,,
Grammanik Tiger FSA,GKT,2011-10-05,ID,GKT_ID,,,,,,,,,,,,,,,,,,,
Grammanik Tiger FSA,GKT,2012-10-09,ID,GKT_ID,,,,,,,,,,,,,,,,,,,
Grammanik Tiger FSA,GKT,2013-10-08,ID,GKT_ID,,,,,,,,,,,,,,,,,,,
Grammanik Tiger FSA,GKT,2014-12-04,ID,GKT_ID,,,,,,,,,,,,,,,,,,,
Grammanik Tiger FSA,GKT,2015-11-04,ID,GKT_ID,,,,,,,,,,,,,,,,,,,
Grammanik Tiger FSA,GKT,2016-12-01,ID,GKT_ID,,,,,,,,,,,,,,,,,,,
Grammanik Tiger FSA,GKT,2018-03-15,ID,GKT_ID,,,,,,,,,,,,,,,,,,,
Grammanik Tiger FSA,GKT,2018-12-04,ID,GKT_ID,,,,,,,,,,,,,,,,,,,
Grammanik Tiger FSA,GKT,2019-12-06,SCTLD,GKT_SCTLD,start,,,,,,,,,,,,,,,,,,
Grammanik Tiger FSA,GKT,2020-02-25,SCTLD,GKT_SCTLD,interval,,,,,,,,,,,,,,,,,,
Grammanik Tiger FSA,GKT,2020-07-16,SCTLD,GKT_SCTLD,end,,,,,,,,,,,,,,,,,,
Grammanik Tiger FSA,GKT,2020-12-07,ID,GKT_ID,,,,,,,,,,,,,,,,,,,
Grammanik Tiger FSA,GKT,2021-11-29,ID,GKT_ID,,,,,,,,,,,,,,,,,,,
Grammanik Tiger FSA,GKT,2022-12-07,ID,GKT_ID,,,,,,,,,,,,,,,,,,,
Grammanik Tiger FSA,GKT,2023-12-05,BL23,GKT_BL23,start,,,,,,,,,,,,,,,,,,
Grammanik Tiger FSA,GKT,2024-04-08,BL23,GKT_BL23,end,,,,,,,,,,,,,,,,,,
Grammanik Tiger FSA,GKT,2024-11-22,BL24,GKT_BL24,start,,,,,,,,,,,,,,,,,,
Grammanik Tiger FSA,GKT,2025-04-08,BL24,GKT_BL24,end,,,,,,,,,,,,,,,,,,
Great Pond,GRP,2003-07-31,ID,GRP_ID,,,,,,,,,,,,,,,,,,,
Great Pond,GRP,2004-06-02,ID,GRP_ID,,,,,,,,,,,,,,,,,,,
Great Pond,GRP,2005-08-17,BL05,GRP_BL05,start,,,,,,,,,,,,,,,,,,
Great Pond,GRP,2005-11-21,BL06,GRP_BL06,interval,,,,,,,,,,,,,,,,,,
Great Pond,GRP,2006-12-09,BL05,GRP_BL05,end,,,,,,,,,,,,,,,,,,
Great Pond,GRP,2007-09-27,ID,GRP_ID,,,,,,,,,,,,,,,,,,,
Great Pond,GRP,2008-09-02,ID,GRP_ID,,,,,,,,,,,,,,,,,,,
Great Pond,GRP,2010-01-24,ID,GRP_ID,,,,,,,,,,,,,,,,,,,
Great Pond,GRP,2010-08-11,ID,GRP_ID,,,,,,,,,,,,,,,,,,,
Great Pond,GRP,2011-07-16,ID,GRP_ID,,,,,,,,,,,,,,,,,,,
Great Pond,GRP,2012-08-14,ID,GRP_ID,,,,,,,,,,,,,,,,,,,
Great Pond,GRP,2013-08-14,ID,GRP_ID,,,,,,,,,,,,,,,,,,,
Great Pond,GRP,2014-10-10,ID,GRP_ID,,,,,,,,,,,,,,,,,,,
Great Pond,GRP,2015-09-29,ID,GRP_ID,,,,,,,,,,,,,,,,,,,
Great Pond,GRP,2016-10-13,ID,GRP_ID,,,,,,,,,,,,,,,,,,,
Great Pond,GRP,2018-03-01,ID,GRP_ID,,,,,,,,,,,,,,,,,,,
Great Pond,GRP,2018-11-07,ID,GRP_ID,,,,,,,,,,,,,,,,,,,
Great Pond,GRP,2019-10-21,SCTLD,GRP_SCTLD,start,,,,,,,,,,,,,,,,,,
Great Pond,GRP,2021-03-13,SCTLD,GRP_SCTLD,interval,,,,,,,,,,,,,,,,,,
Great Pond,GRP,2021-11-14,SCTLD,GRP_SCTLD,end,,,,,,,,,,,,,,,,,,
Great Pond,GRP,2022-10-21,Diadema,GRP_Diadema,start,,,,,,,,,,,,,,,,,,
Great Pond,GRP,2023-11-14,Diadema,GRP_Diadema,end,repeat row,,,,,,,,,,,,,,,,,
Great Pond,GRP,2023-11-14,BL23,GRP_BL23,start,,,,,,,,,,,,,,,,,,
Great Pond,GRP,2024-03-12,BL23,GRP_BL23,end,,,,,,,,,,,,,,,,,,
Great Pond,GRP,2024-11-13,BL24,GRP_BL24,start,,,,,,,,,,,,,,,,,,
Great Pond,GRP,2025-04-13,BL24,GRP_BL24,end,,,,,,,,,,,,,,,,,,
Hind Bank East FSA,HBE,2003-01-13,ID,HBE_ID,,,,,,,,,,,,,,,,,,,
Hind Bank East FSA,HBE,2004-06-18,ID,HBE_ID,,,,,,,,,,,,,,,,,,,
Hind Bank East FSA,HBE,2005-04-29,ID,HBE_ID,,,,,,,,,,,,,,,,,,,
Hind Bank East FSA,HBE,2005-10-04,BL05,HBE_BL05,start,,,,,,,,,,,,,,,,,,
Hind Bank East FSA,HBE,2006-07-21,BL05,HBE_BL05,end,,,,,,,,,,,,,,,,,,
Hind Bank East FSA,HBE,2007-09-05,ID,HBE_ID,,,,,,,,,,,,,,,,,,,
Hind Bank East FSA,HBE,2008-11-06,ID,HBE_ID,,,,,,,,,,,,,,,,,,,
Hind Bank East FSA,HBE,2009-06-10,ID,HBE_ID,,,,,,,,,,,,,,,,,,,
Hind Bank East FSA,HBE,2010-10-28,ID,HBE_ID,,,,,,,,,,,,,,,,,,,
Hind Bank East FSA,HBE,2011-11-03,ID,HBE_ID,,,,,,,,,,,,,,,,,,,
Hind Bank East FSA,HBE,2012-11-06,ID,HBE_ID,,,,,,,,,,,,,,,,,,,
Hind Bank East FSA,HBE,2013-10-11,ID,HBE_ID,,,,,,,,,,,,,,,,,,,
Hind Bank East FSA,HBE,2014-12-02,ID,HBE_ID,,,,,,,,,,,,,,,,,,,
Hind Bank East FSA,HBE,2015-11-12,ID,HBE_ID,,,,,,,,,,,,,,,,,,,
Hind Bank East FSA,HBE,2016-12-01,ID,HBE_ID,,,,,,,,,,,,,,,,,,,
Hind Bank East FSA,HBE,2018-05-11,ID,HBE_ID,,,,,,,,,,,,,,,,,,,
Hind Bank East FSA,HBE,2018-12-05,ID,HBE_ID,,,,,,,,,,,,,,,,,,,
Hind Bank East FSA,HBE,2019-11-25,SCTLD,HBE_SCTLD,start,,,,,,,,,,,,,,,,,,
Hind Bank East FSA,HBE,2020-02-25,SCTLD,HBE_SCTLD,interval,,,,,,,,,,,,,,,,,,
Hind Bank East FSA,HBE,2020-07-16,SCTLD,HBE_SCTLD,end,,,,,,,,,,,,,,,,,,
Hind Bank East FSA,HBE,2020-12-04,ID,HBE_ID,,,,,,,,,,,,,,,,,,,
Hind Bank East FSA,HBE,2021-12-03,ID,HBE_ID,,,,,,,,,,,,,,,,,,,
Hind Bank East FSA,HBE,2022-11-08,ID,HBE_ID,,,,,,,,,,,,,,,,,,,
Hind Bank East FSA,HBE,2023-12-06,BL23,HBE_BL23,start,,,,,,,,,,,,,,,,,,
Hind Bank East FSA,HBE,2024-05-14,BL23,HBE_BL23,end,,,,,,,,,,,,,,,,,,
Hind Bank East FSA,HBE,2024-11-21,BL24,HBE_BL24,start,,,,,,,,,,,,,,,,,,
Hind Bank East FSA,HBE,2025-03-28,BL24,HBE_BL24,end,,,,,,,,,,,,,,,,,,
Jacks Bay,JKB,2001-08-02,ID,JKB_ID,,,,,,,,,,,,,,,,,,,
Jacks Bay,JKB,2002-06-11,ID,JKB_ID,,,,,,,,,,,,,,,,,,,
Jacks Bay,JKB,2003-09-05,ID,JKB_ID,,,,,,,,,,,,,,,,,,,
Jacks Bay,JKB,2004-05-28,ID,JKB_ID,,,,,,,,,,,,,,,,,,,
Jacks Bay,JKB,2005-08-18,ID,JKB_ID,,,,,,,,,,,,,,,,,,,
Jacks Bay,JKB,2005-11-21,BL05,JKB_BL05,start,,,,,,,,,,,,,,,,,,
Jacks Bay,JKB,2006-12-06,BL05,JKB_BL05,end,,,,,,,,,,,,,,,,,,
Jacks Bay,JKB,2007-09-24,ID,JKB_ID,,,,,,,,,,,,,,,,,,,
Jacks Bay,JKB,2008-09-02,ID,JKB_ID,,,,,,,,,,,,,,,,,,,
Jacks Bay,JKB,2010-01-24,ID,JKB_ID,,,,,,,,,,,,,,,,,,,
Jacks Bay,JKB,2010-11-11,ID,JKB_ID,,,,,,,,,,,,,,,,,,,
Jacks Bay,JKB,2011-07-15,ID,JKB_ID,,,,,,,,,,,,,,,,,,,
Jacks Bay,JKB,2012-08-15,ID,JKB_ID,,,,,,,,,,,,,,,,,,,
Jacks Bay,JKB,2013-08-14,ID,JKB_ID,,,,,,,,,,,,,,,,,,,
Jacks Bay,JKB,2014-10-11,ID,JKB_ID,,,,,,,,,,,,,,,,,,,
Jacks Bay,JKB,2015-09-30,ID,JKB_ID,,,,,,,,,,,,,,,,,,,
Jacks Bay,JKB,2016-10-13,Storm17,JKB_Storm17,start,,,,,,,,,,,,,,,,,,
Jacks Bay,JKB,2018-02-25,Storm17,JKB_Storm17,end,,,,,,,,,,,,,,,,,,
Jacks Bay,JKB,2018-11-02,ID,JKB_ID,,,,,,,,,,,,,,,,,,,
Jacks Bay,JKB,2019-10-16,SCTLD,JKB_SCTLD,start,,,,,,,,,,,,,,,,,,
Jacks Bay,JKB,2021-04-07,SCTLD,JKB_SCTLD,interval,,,,,,,,,,,,,,,,,,
Jacks Bay,JKB,2021-11-11,SCTLD,JKB_SCTLD,end,,,,,,,,,,,,,,,,,,
Jacks Bay,JKB,2022-11-17,ID,JKB_ID,,,,,,,,,,,,,,,,,,,
Jacks Bay,JKB,2023-11-14,BL23,JKB_BL23,start,,,,,,,,,,,,,,,,,,
Jacks Bay,JKB,2024-03-14,BL23,JKB_BL23,end,,,,,,,,,,,,,,,,,,
Jacks Bay,JKB,2024-11-13,BL24,JKB_BL24,start,,,,,,,,,,,,,,,,,,
Jacks Bay,JKB,2025-04-15,BL24,JKB_BL24,end,,,,,,,,,,,,,,,,,,
Kings Corner,KGC,2007-01-12,ID,KGC_ID,,,,,,,,,,,,,,,,,,,
Kings Corner,KGC,2008-09-09,ID,KGC_ID,,,,,,,,,,,,,,,,,,,
Kings Corner,KGC,2009-10-13,ID,KGC_ID,,,,,,,,,,,,,,,,,,,
Kings Corner,KGC,2010-08-09,ID,KGC_ID,,,,,,,,,,,,,,,,,,,
Kings Corner,KGC,2011-07-18,ID,KGC_ID,,,,,,,,,,,,,,,,,,,
Kings Corner,KGC,2012-08-16,ID,KGC_ID,,,,,,,,,,,,,,,,,,,
Kings Corner,KGC,2013-08-16,ID,KGC_ID,,,,,,,,,,,,,,,,,,,
Kings Corner,KGC,2014-10-21,ID,KGC_ID,,,,,,,,,,,,,,,,,,,
Kings Corner,KGC,2015-09-28,ID,KGC_ID,,,,,,,,,,,,,,,,,,,
Kings Corner,KGC,2016-10-15,ID,KGC_ID,,,,,,,,,,,,,,,,,,,
Kings Corner,KGC,2018-02-26,ID,KGC_ID,,,,,,,,,,,,,,,,,,,
Kings Corner,KGC,2018-11-03,ID,KGC_ID,,,,,,,,,,,,,,,,,,,
Kings Corner,KGC,2019-10-17,SCTLD,KGC_SCTLD,start,,,,,,,,,,,,,,,,,,
Kings Corner,KGC,2021-03-14,SCTLD,KGC_SCTLD,interval,,,,,,,,,,,,,,,,,,
Kings Corner,KGC,2021-11-12,SCTLD,KGC_SCTLD,end,,,,,,,,,,,,,,,,,,
Kings Corner,KGC,2022-10-22,ID,KGC_ID,,,,,,,,,,,,,,,,,,,
Kings Corner,KGC,2023-11-15,BL23,KGC_BL23,start,,,,,,,,,,,,,,,,,,
Kings Corner,KGC,2024-03-15,BL23,KGC_BL23,end,,,,,,,,,,,,,,,,,,
Kings Corner,KGC,2024-11-15,BL24,KGC_BL24,start,,,,,,,,,,,,,,,,,,
Kings Corner,KGC,2025-04-14,BL24,KGC_BL24,end,,,,,,,,,,,,,,,,,,
Lang Bank EEMP,LBP,2009-10-10,ID,LBP_ID,,,,,,,,,,,,,,,,,,,
Lang Bank EEMP,LBP,2010-08-07,ID,LBP_ID,,,,,,,,,,,,,,,,,,,
Lang Bank EEMP,LBP,2011-07-15,ID,LBP_ID,,,,,,,,,,,,,,,,,,,
Lang Bank EEMP,LBP,2012-08-14,ID,LBP_ID,,,,,,,,,,,,,,,,,,,
Lang Bank EEMP,LBP,2013-08-14,ID,LBP_ID,,,,,,,,,,,,,,,,,,,
Lang Bank EEMP,LBP,2014-10-10,ID,LBP_ID,,,,,,,,,,,,,,,,,,,
Lang Bank EEMP,LBP,2015-09-29,ID,LBP_ID,,,,,,,,,,,,,,,,,,,
Lang Bank EEMP,LBP,2016-10-13,Storm17,LBP_Storm17,start,,,,,,,,,,,,,,,,,,
Lang Bank EEMP,LBP,2018-03-01,Storm17,LBP_Storm17,end,,,,,,,,,,,,,,,,,,
Lang Bank EEMP,LBP,2018-11-06,ID,LBP_ID,,,,,,,,,,,,,,,,,,,
Lang Bank EEMP,LBP,2019-10-20,SCTLD,LBP_SCTLD,start,,,,,,,,,,,,,,,,,,
Lang Bank EEMP,LBP,2021-03-13,SCTLD,LBP_SCTLD,interval,,,,,,,,,,,,,,,,,,
Lang Bank EEMP,LBP,2021-11-14,SCTLD,LBP_SCTLD,end,,,,,,,,,,,,,,,,,,
Lang Bank EEMP,LBP,2022-10-21,ID,LBP_ID,,,,,,,,,,,,,,,,,,,
Lang Bank EEMP,LBP,2023-11-11,BL23,LBP_BL23,start,,,,,,,,,,,,,,,,,,
Lang Bank EEMP,LBP,2024-03-15,BL23,LBP_BL23,end,,,,,,,,,,,,,,,,,,
Lang Bank EEMP,LBP,2024-11-13,BL24,LBP_BL24,start,,,,,,,,,,,,,,,,,,
Lang Bank EEMP,LBP,2025-04-15,BL24,LBP_BL24,end,,,,,,,,,,,,,,,,,,
Lang Bank Red Hind FSA,LBH,2001-08-01,ID,LBH_ID,,,,,,,,,,,,,,,,,,,
Lang Bank Red Hind FSA,LBH,2002-05-29,ID,LBH_ID,,,,,,,,,,,,,,,,,,,
Lang Bank Red Hind FSA,LBH,2004-02-04,ID,LBH_ID,,,,,,,,,,,,,,,,,,,
Lang Bank Red Hind FSA,LBH,2005-11-01,BL05,LBH_BL05,start,,,,,,,,,,,,,,,,,,
Lang Bank Red Hind FSA,LBH,2006-09-07,BL05,LBH_BL05,end,,,,,,,,,,,,,,,,,,
Lang Bank Red Hind FSA,LBH,2009-10-09,ID,LBH_ID,,,,,,,,,,,,,,,,,,,
Lang Bank Red Hind FSA,LBH,2010-08-06,ID,LBH_ID,,,,,,,,,,,,,,,,,,,
Lang Bank Red Hind FSA,LBH,2011-07-14,ID,LBH_ID,,,,,,,,,,,,,,,,,,,
Lang Bank Red Hind FSA,LBH,2012-08-15,ID,LBH_ID,,,,,,,,,,,,,,,,,,,
Lang Bank Red Hind FSA,LBH,2013-08-13,ID,LBH_ID,,,,,,,,,,,,,,,,,,,
Lang Bank Red Hind FSA,LBH,2014-10-11,ID,LBH_ID,,,,,,,,,,,,,,,,,,,
Lang Bank Red Hind FSA,LBH,2015-09-30,ID,LBH_ID,,,,,,,,,,,,,,,,,,,
Lang Bank Red Hind FSA,LBH,2016-10-11,Storm17,LBH_Storm17,start,,,,,,,,,,,,,,,,,,
Lang Bank Red Hind FSA,LBH,2018-03-02,Storm17,LBH_Storm17,end,,,,,,,,,,,,,,,,,,
Lang Bank Red Hind FSA,LBH,2018-11-06,ID,LBH_ID,,,,,,,,,,,,,,,,,,,
Lang Bank Red Hind FSA,LBH,2019-10-20,BL19,LBH_BL19,start,,May not be possible to disentagle BL19 and SCTLD effects. Prioritize SCTLD,,,,,,,,,,,,,,,,
Lang Bank Red Hind FSA,LBH,2021-03-12,BL19,LBH_BL19,end,,May not be possible to disentagle BL19 and SCTLD effects. Prioritize SCTLD,,,,,,,,,,,,,,,,
Lang Bank Red Hind FSA,LBH,2019-10-20,SCTLD,LBH_SCTLD,start,repeat row,May not be possible to disentagle BL19 and SCTLD effects. Prioritize SCTLD,,,,,,,,,,,,,,,,
Lang Bank Red Hind FSA,LBH,2021-03-12,SCTLD,LBH_SCTLD,interval,repeat row,May not be possible to disentagle BL19 and SCTLD effects. Prioritize SCTLD,,,,,,,,,,,,,,,,
Lang Bank Red Hind FSA,LBH,2021-11-22,SCTLD,LBH_SCTLD,end,,May not be possible to disentagle BL19 and SCTLD effects. Prioritize SCTLD,,,,,,,,,,,,,,,,
Lang Bank Red Hind FSA,LBH,2022-11-17,ID,LBH_ID,,,,,,,,,,,,,,,,,,,
Lang Bank Red Hind FSA,LBH,2023-11-13,BL23,LBH_BL23,start,,,,,,,,,,,,,,,,,,
Lang Bank Red Hind FSA,LBH,2024-03-12,BL23,LBH_BL23,end,,,,,,,,,,,,,,,,,,
Lang Bank Red Hind FSA,LBH,2024-11-16,BL24,LBH_BL24,start,,,,,,,,,,,,,,,,,,
Lang Bank Red Hind FSA,LBH,2025-04-13,BL24,LBH_BL24,end,,,,,,,,,,,,,,,,,,
Magens Bay,MGN,2001-09-25,ID,MGN_ID,,,,,,,,,,,,,,,,,,,
Magens Bay,MGN,2002-05-23,ID,MGN_ID,,,,,,,,,,,,,,,,,,,
Magens Bay,MGN,2003-05-30,ID,MGN_ID,,,,,,,,,,,,,,,,,,,
Magens Bay,MGN,2004-12-16,ID,MGN_ID,,,,,,,,,,,,,,,,,,,
Magens Bay,MGN,2005-05-19,ID,MGN_ID,,,,,,,,,,,,,,,,,,,
Magens Bay,MGN,2005-10-19,BL05,MGN_BL05,start,,,,,,,,,,,,,,,,,,
Magens Bay,MGN,2006-06-21,BL05,MGN_BL05,end,,,,,,,,,,,,,,,,,,
Magens Bay,MGN,2007-06-26,ID,MGN_ID,,,,,,,,,,,,,,,,,,,
Magens Bay,MGN,2008-08-19,ID,MGN_ID,,,,,,,,,,,,,,,,,,,
Magens Bay,MGN,2009-06-25,ID,MGN_ID,,,,,,,,,,,,,,,,,,,
Magens Bay,MGN,2010-11-03,ID,MGN_ID,,,,,,,,,,,,,,,,,,,
Magens Bay,MGN,2011-10-06,ID,MGN_ID,,,,,,,,,,,,,,,,,,,
Magens Bay,MGN,2013-03-22,ID,MGN_ID,,,,,,,,,,,,,,,,,,,
Magens Bay,MGN,2014-03-18,ID,MGN_ID,,,,,,,,,,,,,,,,,,,
Magens Bay,MGN,2014-11-20,ID,MGN_ID,,,,,,,,,,,,,,,,,,,
Magens Bay,MGN,2015-11-17,ID,MGN_ID,,,,,,,,,,,,,,,,,,,
Magens Bay,MGN,2016-12-08,Storm17,MGN_Storm17,start,,,,,,,,,,,,,,,,,,
Magens Bay,MGN,2017-12-06,Storm17,MGN_Storm17,end,,,,,,,,,,,,,,,,,,
Magens Bay,MGN,2018-03-24,ID,MGN_ID,,,,,,,,,,,,,,,,,,,
Magens Bay,MGN,2018-11-27,ID,MGN_ID,,,,,,,,,,,,,,,,,,,
Magens Bay,MGN,2019-11-08,BL19,MGN_BL19,start,,,,,,,,,,,,,,,,,,
Magens Bay,MGN,2020-02-21,BL19,MGN_BL19,end,repeat row,,,,,,,,,,,,,,,,,
Magens Bay,MGN,2020-02-21,SCTLD,MGN_SCTLD,start,,,,,,,,,,,,,,,,,,
Magens Bay,MGN,2020-07-09,SCTLD,MGN_SCTLD,interval,,,,,,,,,,,,,,,,,,
Magens Bay,MGN,2020-11-24,SCTLD,MGN_SCTLD,end,,,,,,,,,,,,,,,,,,
Magens Bay,MGN,2021-10-18,Diadema,MGN_Diadema,start,,,,,,,,,,,,,,,,,,
Magens Bay,MGN,2022-10-03,Diadema,MGN_Diadema,end,,,,,,,,,,,,,,,,,,
Magens Bay,MGN,2023-10-12,BL23,MGN_BL23,start,,,,,,,,,,,,,,,,,,
Magens Bay,MGN,2024-04-17,BL23,MGN_BL23,end,,,,,,,,,,,,,,,,,,
Magens Bay,MGN,2024-10-22,BL24,MGN_BL24,start,,,,,,,,,,,,,,,,,,
Magens Bay,MGN,2025-03-19,BL24,MGN_BL24,end,,,,,,,,,,,,,,,,,,
Meri Shoal,MSR,2005-10-06,BL05,MSR_BL05,start,,,,,,,,,,,,,,,,,,
Meri Shoal,MSR,2006-07-03,BL05,MSR_BL05,end,,,,,,,,,,,,,,,,,,
Meri Shoal,MSR,2007-09-19,ID,MSR_ID,,,,,,,,,,,,,,,,,,,
Meri Shoal,MSR,2008-07-23,ID,MSR_ID,,,,,,,,,,,,,,,,,,,
Meri Shoal,MSR,2009-07-08,ID,MSR_ID,,,,,,,,,,,,,,,,,,,
Meri Shoal,MSR,2010-10-12,ID,MSR_ID,,,,,,,,,,,,,,,,,,,
Meri Shoal,MSR,2011-11-18,ID,MSR_ID,,,,,,,,,,,,,,,,,,,
Meri Shoal,MSR,2012-12-03,ID,MSR_ID,,,,,,,,,,,,,,,,,,,
Meri Shoal,MSR,2013-10-13,ID,MSR_ID,,,,,,,,,,,,,,,,,,,
Meri Shoal,MSR,2014-12-08,ID,MSR_ID,,,,,,,,,,,,,,,,,,,
Meri Shoal,MSR,2015-10-19,ID,MSR_ID,,,,,,,,,,,,,,,,,,,
Meri Shoal,MSR,2016-10-24,ID,MSR_ID,,,,,,,,,,,,,,,,,,,
Meri Shoal,MSR,2018-06-05,ID,MSR_ID,,,,,,,,,,,,,,,,,,,
Meri Shoal,MSR,2018-12-07,ID,MSR_ID,,,,,,,,,,,,,,,,,,,
Meri Shoal,MSR,2019-11-21,ID,MSR_ID,,,,,,,,,,,,,,,,,,,
Meri Shoal,MSR,2020-02-24,SCTLD,MSR_SCTLD,start,,,,,,,,,,,,,,,,,,
Meri Shoal,MSR,2020-12-10,SCTLD,MSR_SCTLD,interval,,,,,,,,,,,,,,,,,,
Meri Shoal,MSR,2021-11-09,SCTLD,MSR_SCTLD,end,,,,,,,,,,,,,,,,,,
Meri Shoal,MSR,2022-11-30,ID,MSR_ID,,,,,,,,,,,,,,,,,,,
Meri Shoal,MSR,2023-12-07,BL23,MSR_BL23,start,,,,,,,,,,,,,,,,,,
Meri Shoal,MSR,2024-04-22,BL23,MSR_BL23,end,,,,,,,,,,,,,,,,,,
Meri Shoal,MSR,2024-11-22,BL24,MSR_BL24,start,,,,,,,,,,,,,,,,,,
Meri Shoal,MSR,2025-03-21,BL24,MSR_BL24,end,,,,,,,,,,,,,,,,,,
Mutton Snapper FSA,MTS,2003-05-19,ID,MTS_ID,,,,,,,,,,,,,,,,,,,
Mutton Snapper FSA,MTS,2004-07-20,ID,MTS_ID,,,,,,,,,,,,,,,,,,,
Mutton Snapper FSA,MTS,2005-10-20,BL05,MTS_BL05,start,,,,,,,,,,,,,,,,,,
Mutton Snapper FSA,MTS,2006-12-09,BL05,MTS_BL05,end,,,,,,,,,,,,,,,,,,
Mutton Snapper FSA,MTS,2007-09-26,ID,MTS_ID,,,,,,,,,,,,,,,,,,,
Mutton Snapper FSA,MTS,2008-09-02,ID,MTS_ID,,,,,,,,,,,,,,,,,,,
Mutton Snapper FSA,MTS,2009-10-08,ID,MTS_ID,,,,,,,,,,,,,,,,,,,
Mutton Snapper FSA,MTS,2010-08-11,ID,MTS_ID,,,,,,,,,,,,,,,,,,,
Mutton Snapper FSA,MTS,2011-07-16,ID,MTS_ID,,,,,,,,,,,,,,,,,,,
Mutton Snapper FSA,MTS,2012-08-17,ID,MTS_ID,,,,,,,,,,,,,,,,,,,
Mutton Snapper FSA,MTS,2013-08-16,ID,MTS_ID,,,,,,,,,,,,,,,,,,,
Mutton Snapper FSA,MTS,2014-10-21,ID,MTS_ID,,,,,,,,,,,,,,,,,,,
Mutton Snapper FSA,MTS,2015-10-02,ID,MTS_ID,,,,,,,,,,,,,,,,,,,
Mutton Snapper FSA,MTS,2016-10-15,Storm17,MTS_Storm17,start,,,,,,,,,,,,,,,,,,
Mutton Snapper FSA,MTS,2018-02-26,Storm17,MTS_Storm17,end,,,,,,,,,,,,,,,,,,
Mutton Snapper FSA,MTS,2018-11-03,ID,MTS_ID,,,,,,,,,,,,,,,,,,,
Mutton Snapper FSA,MTS,2019-10-17,SCTLD,MTS_SCTLD,start,,,,,,,,,,,,,,,,,,
Mutton Snapper FSA,MTS,2021-03-14,SCTLD,MTS_SCTLD,interval,,,,,,,,,,,,,,,,,,
Mutton Snapper FSA,MTS,2021-11-12,SCTLD,MTS_SCTLD,end,,,,,,,,,,,,,,,,,,
Mutton Snapper FSA,MTS,2022-10-22,ID,MTS_ID,,,,,,,,,,,,,,,,,,,
Mutton Snapper FSA,MTS,2023-11-10,BL23,MTS_BL23,start,,,,,,,,,,,,,,,,,,
Mutton Snapper FSA,MTS,2024-03-15,BL23,MTS_BL23,end,,,,,,,,,,,,,,,,,,
Mutton Snapper FSA,MTS,2024-11-15,BL24,MTS_BL24,start,,,,,,,,,,,,,,,,,,
Mutton Snapper FSA,MTS,2025-04-14,BL24,MTS_BL24,end,,,,,,,,,,,,,,,,,,
Salt River Deep,SRD,2009-04-07,ID,SRD_ID,,,,,,,,,,,,,,,,,,,
Salt River Deep,SRD,2010-08-05,BL10,SRD_BL10,start,,,,,,,,,,,,,,,,,,
Salt River Deep,SRD,2011-07-16,BL10,SRD_BL10,end,,,,,,,,,,,,,,,,,,
Salt River Deep,SRD,2012-08-11,ID,SRD_ID,,,,,,,,,,,,,,,,,,,
Salt River Deep,SRD,2013-08-11,ID,SRD_ID,,,,,,,,,,,,,,,,,,,
Salt River Deep,SRD,2014-10-09,ID,SRD_ID,,,,,,,,,,,,,,,,,,,
Salt River Deep,SRD,2015-10-01,ID,SRD_ID,,,,,,,,,,,,,,,,,,,
Salt River Deep,SRD,2016-10-14,ID,SRD_ID,,,,,,,,,,,,,,,,,,,
Salt River Deep,SRD,2018-02-28,ID,SRD_ID,,,,,,,,,,,,,,,,,,,
Salt River Deep,SRD,2018-11-04,ID,SRD_ID,,,,,,,,,,,,,,,,,,,
Salt River Deep,SRD,2019-10-19,BL19,SRD_BL19,start,,,,,,,,,,,,,,,,,,
Salt River Deep,SRD,2019-12-02,BL19,SRD_BL19,end,,,,,,,,,,,,,,,,,,
Salt River Deep,SRD,2019-12-02,SCTLD,SRD_SCTLD,start,,,,,,,,,,,,,,,,,,
Salt River Deep,SRD,2021-04-08,SCTLD,SRD_SCTLD,interval,,,,,,,,,,,,,,,,,,
Salt River Deep,SRD,2021-11-13,SCTLD,SRD_SCTLD,end,,,,,,,,,,,,,,,,,,
Salt River Deep,SRD,2022-10-20,ID,SRD_ID,,,,,,,,,,,,,,,,,,,
Salt River Deep,SRD,2023-11-11,BL23,SRD_BL23,start,,,,,,,,,,,,,,,,,,
Salt River Deep,SRD,2024-03-14,BL23,SRD_BL23,end,,,,,,,,,,,,,,,,,,
Salt River Deep,SRD,2024-11-14,BL24,SRD_BL24,start,,,,,,,,,,,,,,,,,,
Salt River Deep,SRD,2025-04-12,BL24,SRD_BL24,end,,,,,,,,,,,,,,,,,,
Salt River West,SRW,2001-08-22,ID,SRW_ID,,,,,,,,,,,,,,,,,,,
Salt River West,SRW,2001-10-12,ID,SRW_ID,,,,,,,,,,,,,,,,,,,
Salt River West,SRW,2002-05-22,ID,SRW_ID,,,,,,,,,,,,,,,,,,,
Salt River West,SRW,2003-04-08,ID,SRW_ID,,,,,,,,,,,,,,,,,,,
Salt River West,SRW,2004-05-12,ID,SRW_ID,,,,,,,,,,,,,,,,,,,
Salt River West,SRW,2005-08-25,ID,SRW_ID,,,,,,,,,,,,,,,,,,,
Salt River West,SRW,2005-10-13,BL05,SRW_BL05,start,,,,,,,,,,,,,,,,,,
Salt River West,SRW,2006-12-07,BL05,SRW_BL05,end,,,,,,,,,,,,,,,,,,
Salt River West,SRW,2007-09-30,ID,SRW_ID,,,,,,,,,,,,,,,,,,,
Salt River West,SRW,2008-09-03,ID,SRW_ID,,,,,,,,,,,,,,,,,,,
Salt River West,SRW,2009-10-12,ID,SRW_ID,,,,,,,,,,,,,,,,,,,
Salt River West,SRW,2010-08-05,ID,SRW_ID,,,,,,,,,,,,,,,,,,,
Salt River West,SRW,2011-07-13,ID,SRW_ID,,,,,,,,,,,,,,,,,,,
Salt River West,SRW,2012-08-11,ID,SRW_ID,,,,,,,,,,,,,,,,,,,
Salt River West,SRW,2013-08-11,ID,SRW_ID,,,,,,,,,,,,,,,,,,,
Salt River West,SRW,2014-10-09,ID,SRW_ID,,,,,,,,,,,,,,,,,,,
Salt River West,SRW,2015-10-01,ID,SRW_ID,,,,,,,,,,,,,,,,,,,
Salt River West,SRW,2016-10-14,Storm17,SRW_Storm17,start,,,,,,,,,,,,,,,,,,
Salt River West,SRW,2018-02-28,Storm17,SRW_Storm17,end,,,,,,,,,,,,,,,,,,
Salt River West,SRW,2018-11-04,ID,SRW_ID,,,,,,,,,,,,,,,,,,,
Salt River West,SRW,2019-10-19,ID,SRW_ID,,,,,,,,,,,,,,,,,,,
Salt River West,SRW,2019-12-02,SCTLD,SRW_SCTLD,start,,,,,,,,,,,,,,,,,,
Salt River West,SRW,2021-04-08,SCTLD,SRW_SCTLD,interval,,,,,,,,,,,,,,,,,,
Salt River West,SRW,2021-11-13,SCTLD,SRW_SCTLD,end,,,,,,,,,,,,,,,,,,
Salt River West,SRW,2022-10-20,ID,SRW_ID,,,,,,,,,,,,,,,,,,,
Salt River West,SRW,2023-11-11,BL23,SRW_BL23,start,,,,,,,,,,,,,,,,,,
Salt River West,SRW,2024-03-14,BL23,SRW_BL23,end,,,,,,,,,,,,,,,,,,
Salt River West,SRW,2024-11-14,BL24,SRW_BL24,start,,,,,,,,,,,,,,,,,,
Salt River West,SRW,2025-04-12,BL24,SRW_BL24,end,,,,,,,,,,,,,,,,,,
Savana,SVN,2003-09-29,ID,SVN_ID,,,,,,,,,,,,,,,,,,,
Savana,SVN,2004-12-13,ID,SVN_ID,,,,,,,,,,,,,,,,,,,
Savana,SVN,2005-05-11,ID,SVN_ID,,,,,,,,,,,,,,,,,,,
Savana,SVN,2005-10-05,BL05,SVN_BL05,start,,,,,,,,,,,,,,,,,,
Savana,SVN,2006-07-13,BL05,SVN_BL05,end,,,,,,,,,,,,,,,,,,
Savana,SVN,2007-08-20,ID,SVN_ID,,,,,,,,,,,,,,,,,,,
Savana,SVN,2008-08-20,ID,SVN_ID,,,,,,,,,,,,,,,,,,,
Savana,SVN,2009-07-07,ID,SVN_ID,,,,,,,,,,,,,,,,,,,
Savana,SVN,2010-10-25,ID,SVN_ID,,,,,,,,,,,,,,,,,,,
Savana,SVN,2011-10-06,ID,SVN_ID,,,,,,,,,,,,,,,,,,,
Savana,SVN,2013-03-22,ID,SVN_ID,,,,,,,,,,,,,,,,,,,
Savana,SVN,2013-10-29,ID,SVN_ID,,,,,,,,,,,,,,,,,,,
Savana,SVN,2014-12-01,ID,SVN_ID,,,,,,,,,,,,,,,,,,,
Savana,SVN,2015-11-17,ID,SVN_ID,,,,,,,,,,,,,,,,,,,
Savana,SVN,2016-12-08,Storm17,SVN_Storm17,start,,,,,,,,,,,,,,,,,,
Savana,SVN,2017-12-04,Storm17,SVN_Storm17,end,,,,,,,,,,,,,,,,,,
Savana,SVN,2018-03-27,ID,SVN_ID,,,,,,,,,,,,,,,,,,,
Savana,SVN,2018-11-27,SCTLD,SVN_SCTLD,start,,,,,,,,,,,,,,,,,,
Savana,SVN,2019-07-12,SCTLD,SVN_SCTLD,interval,,,,,,,,,,,,,,,,,,
Savana,SVN,2019-11-08,SCTLD,SVN_SCTLD,end,,,,,,,,,,,,,,,,,,
Savana,SVN,2019-11-08,BL19,SVN_BL19,start,repeat row,,,,,,,,,,,,,,,,,
Savana,SVN,2020-02-21,BL19,SVN_BL19,end,,,,,,,,,,,,,,,,,,
Savana,SVN,2020-07-14,ID,SVN_ID,,,,,,,,,,,,,,,,,,,
Savana,SVN,2020-11-24,ID,SVN_ID,,,,,,,,,,,,,,,,,,,
Savana,SVN,2021-10-18,ID,SVN_ID,,,,,,,,,,,,,,,,,,,
Savana,SVN,2022-10-03,ID,SVN_ID,,,,,,,,,,,,,,,,,,,
Savana,SVN,2023-10-30,BL23,SVN_BL23,start,,,,,,,,,,,,,,,,,,
Savana,SVN,2024-04-11,BL23,SVN_BL23,end,,,,,,,,,,,,,,,,,,
Savana,SVN,2024-10-17,BL24,SVN_BL24,start,,,,,,,,,,,,,,,,,,
Savana,SVN,2025-03-19,BL24,SVN_BL24,end,,,,,,,,,,,,,,,,,,
Seahorse Cottage Shoal,SHR,2003-06-12,ID,SHR_ID,,,,,,,,,,,,,,,,,,,
Seahorse Cottage Shoal,SHR,2004-05-25,ID,SHR_ID,,,,,,,,,,,,,,,,,,,
Seahorse Cottage Shoal,SHR,2005-05-09,ID,SHR_ID,,,,,,,,,,,,,,,,,,,
Seahorse Cottage Shoal,SHR,2005-10-13,BL05,SHR_BL05,start,,,,,,,,,,,,,,,,,,
Seahorse Cottage Shoal,SHR,2006-06-23,BL05,SHR_BL05,end,,,,,,,,,,,,,,,,,,
Seahorse Cottage Shoal,SHR,2007-08-30,ID,SHR_ID,,,,,,,,,,,,,,,,,,,
Seahorse Cottage Shoal,SHR,2008-10-28,ID,SHR_ID,,,,,,,,,,,,,,,,,,,
Seahorse Cottage Shoal,SHR,2009-09-10,ID,SHR_ID,,,,,,,,,,,,,,,,,,,
Seahorse Cottage Shoal,SHR,2010-10-19,ID,SHR_ID,,,,,,,,,,,,,,,,,,,
Seahorse Cottage Shoal,SHR,2011-10-18,ID,SHR_ID,,,,,,,,,,,,,,,,,,,
Seahorse Cottage Shoal,SHR,2012-10-31,ID,SHR_ID,,,,,,,,,,,,,,,,,,,
Seahorse Cottage Shoal,SHR,2013-10-22,ID,SHR_ID,,,,,,,,,,,,,,,,,,,
Seahorse Cottage Shoal,SHR,2014-10-22,ID,SHR_ID,,,,,,,,,,,,,,,,,,,
Seahorse Cottage Shoal,SHR,2015-10-14,ID,SHR_ID,,,,,,,,,,,,,,,,,,,
Seahorse Cottage Shoal,SHR,2016-10-06,Storm17,SHR_Storm17,start,,,,,,,,,,,,,,,,,,
Seahorse Cottage Shoal,SHR,2017-12-12,Storm17,SHR_Storm17,end,,,,,,,,,,,,,,,,,,
Seahorse Cottage Shoal,SHR,2018-11-28,SCTLD,SHR_SCTLD,start,,,,,,,,,,,,,,,,,,
Seahorse Cottage Shoal,SHR,2019-11-20,SCTLD,SHR_SCTLD,interval,,,,,,,,,,,,,,,,,,
Seahorse Cottage Shoal,SHR,2020-02-04,SCTLD,SHR_SCTLD,end,,,,,,,,,,,,,,,,,,
Seahorse Cottage Shoal,SHR,2020-07-14,ID,SHR_ID,,,,,,,,,,,,,,,,,,,
Seahorse Cottage Shoal,SHR,2020-10-28,ID,SHR_ID,,,,,,,,,,,,,,,,,,,
Seahorse Cottage Shoal,SHR,2021-11-05,ID,SHR_ID,,,,,,,,,,,,,,,,,,,
Seahorse Cottage Shoal,SHR,2022-10-04,ID,SHR_ID,,,,,,,,,,,,,,,,,,,
Seahorse Cottage Shoal,SHR,2023-10-30,BL23,SHR_BL23,start,,,,,,,,,,,,,,,,,,
Seahorse Cottage Shoal,SHR,2024-03-07,BL23,SHR_BL23,end,,,,,,,,,,,,,,,,,,
Seahorse Cottage Shoal,SHR,2024-10-29,BL24,SHR_BL24,start,,,,,,,,,,,,,,,,,,
Seahorse Cottage Shoal,SHR,2025-03-20,BL24,SHR_BL24,end,,,,,,,,,,,,,,,,,,
South Capella,SCP,2003-12-04,ID,SCP_ID,,,,,,,,,,,,,,,,,,,
South Capella,SCP,2004-06-08,ID,SCP_ID,,,,,,,,,,,,,,,,,,,
South Capella,SCP,2005-05-03,ID,SCP_ID,,,,,,,,,,,,,,,,,,,
South Capella,SCP,2005-09-28,BL05,SCP_BL05,start,,,,,,,,,,,,,,,,,,
South Capella,SCP,2006-07-19,BL05,SCP_BL05,end,,,,,,,,,,,,,,,,,,
South Capella,SCP,2007-09-07,ID,SCP_ID,,,,,,,,,,,,,,,,,,,
South Capella,SCP,2008-07-31,ID,SCP_ID,,,,,,,,,,,,,,,,,,,
South Capella,SCP,2009-09-30,ID,SCP_ID,,,,,,,,,,,,,,,,,,,
South Capella,SCP,2010-11-19,ID,SCP_ID,,,,,,,,,,,,,,,,,,,
South Capella,SCP,2011-10-01,ID,SCP_ID,,,,,,,,,,,,,,,,,,,
South Capella,SCP,2012-12-16,ID,SCP_ID,,,,,,,,,,,,,,,,,,,
South Capella,SCP,2013-11-05,ID,SCP_ID,,,,,,,,,,,,,,,,,,,
South Capella,SCP,2014-09-30,ID,SCP_ID,,,,,,,,,,,,,,,,,,,
South Capella,SCP,2015-10-15,ID,SCP_ID,,,,,,,,,,,,,,,,,,,
South Capella,SCP,2016-12-09,ID,SCP_ID,,,,,,,,,,,,,,,,,,,
South Capella,SCP,2018-03-13,ID,SCP_ID,,,,,,,,,,,,,,,,,,,
South Capella,SCP,2018-10-11,ID,SCP_ID,,,,,,,,,,,,,,,,,,,
South Capella,SCP,2019-11-20,SCTLD,SCP_SCTLD,start,,,,,,,,,,,,,,,,,,
South Capella,SCP,2020-02-04,SCTLD,SCP_SCTLD,interval,,,,,,,,,,,,,,,,,,
South Capella,SCP,2020-07-14,SCTLD,SCP_SCTLD,interval,,,,,,,,,,,,,,,,,,
South Capella,SCP,2020-12-14,SCTLD,SCP_SCTLD,end,,,,,,,,,,,,,,,,,,
South Capella,SCP,2021-11-04,ID,SCP_ID,,,,,,,,,,,,,,,,,,,
South Capella,SCP,2022-11-30,ID,SCP_ID,,,,,,,,,,,,,,,,,,,
South Capella,SCP,2023-10-23,BL23,SCP_BL23,start,,,,,,,,,,,,,,,,,,
South Capella,SCP,2024-04-22,BL23,SCP_BL23,end,,,,,,,,,,,,,,,,,,
South Capella,SCP,2024-10-25,BL24,SCP_BL24,start,,,,,,,,,,,,,,,,,,
South Capella,SCP,2025-03-27,BL24,SCP_BL24,end,,,,,,,,,,,,,,,,,,
South Water,SWT,2005-06-01,ID,SWT_ID,,,,,,,,,,,,,,,,,,,
South Water,SWT,2005-10-04,BL05,SWT_BL05,start,,,,,,,,,,,,,,,,,,
South Water,SWT,2006-07-24,BL05,SWT_BL05,end,,,,,,,,,,,,,,,,,,
South Water,SWT,2007-08-31,ID,SWT_ID,,,,,,,,,,,,,,,,,,,
South Water,SWT,2008-07-28,ID,SWT_ID,,,,,,,,,,,,,,,,,,,
South Water,SWT,2009-07-09,ID,SWT_ID,,,,,,,,,,,,,,,,,,,
South Water,SWT,2010-10-29,ID,SWT_ID,,,,,,,,,,,,,,,,,,,
South Water,SWT,2011-11-29,ID,SWT_ID,,,,,,,,,,,,,,,,,,,
South Water,SWT,2012-10-02,ID,SWT_ID,,,,,,,,,,,,,,,,,,,
South Water,SWT,2013-11-22,ID,SWT_ID,,,,,,,,,,,,,,,,,,,
South Water,SWT,2014-11-21,ID,SWT_ID,,,,,,,,,,,,,,,,,,,
South Water,SWT,2015-10-15,ID,SWT_ID,,,,,,,,,,,,,,,,,,,
South Water,SWT,2016-12-09,ID,SWT_ID,,,,,,,,,,,,,,,,,,,
South Water,SWT,2018-03-13,ID,SWT_ID,,,,,,,,,,,,,,,,,,,
South Water,SWT,2018-12-04,SCTLD,SWT_SCTLD,start,,,,,,,,,,,,,,,,,,
South Water,SWT,2019-11-14,SCTLD,SWT_SCTLD,interval,,,,,,,,,,,,,,,,,,
South Water,SWT,2020-03-02,SCTLD,SWT_SCTLD,end,,,,,,,,,,,,,,,,,,
South Water,SWT,2020-07-14,ID,SWT_ID,,,,,,,,,,,,,,,,,,,
South Water,SWT,2020-10-22,ID,SWT_ID,,,,,,,,,,,,,,,,,,,
South Water,SWT,2021-11-04,ID,SWT_ID,,,,,,,,,,,,,,,,,,,
South Water,SWT,2022-12-07,ID,SWT_ID,,,,,,,,,,,,,,,,,,,
South Water,SWT,2023-10-23,BL23,SWT_BL23,start,,,,,,,,,,,,,,,,,,
South Water,SWT,2024-04-26,BL23,SWT_BL23,end,,,,,,,,,,,,,,,,,,
South Water,SWT,2024-10-25,BL24,SWT_BL24,start,,,,,,,,,,,,,,,,,,
South Water,SWT,2025-03-28,BL24,SWT_BL24,end,,,,,,,,,,,,,,,,,,
Sprat Hole,SPH,2001-09-25,ID,SPH_ID,,,,,,,,,,,,,,,,,,,
Sprat Hole,SPH,2002-06-14,ID,SPH_ID,,,,,,,,,,,,,,,,,,,
Sprat Hole,SPH,2003-04-14,ID,SPH_ID,,,,,,,,,,,,,,,,,,,
Sprat Hole,SPH,2004-05-10,ID,SPH_ID,,,,,,,,,,,,,,,,,,,
Sprat Hole,SPH,2005-03-31,ID,SPH_ID,,,,,,,,,,,,,,,,,,,
Sprat Hole,SPH,2005-10-04,BL05,SPH_BL05,start,,,,,,,,,,,,,,,,,,
Sprat Hole,SPH,2007-01-09,BL05,SPH_BL05,end,,,,,,,,,,,,,,,,,,
Sprat Hole,SPH,2007-09-26,ID,SPH_ID,,,,,,,,,,,,,,,,,,,
Sprat Hole,SPH,2008-09-02,ID,SPH_ID,,,,,,,,,,,,,,,,,,,
Sprat Hole,SPH,2009-10-13,ID,SPH_ID,,,,,,,,,,,,,,,,,,,
Sprat Hole,SPH,2010-08-09,ID,SPH_ID,,,,,,,,,,,,,,,,,,,
Sprat Hole,SPH,2011-07-18,ID,SPH_ID,,,,,,,,,,,,,,,,,,,
Sprat Hole,SPH,2012-08-16,ID,SPH_ID,,,,,,,,,,,,,,,,,,,
Sprat Hole,SPH,2013-08-16,ID,SPH_ID,,,,,,,,,,,,,,,,,,,
Sprat Hole,SPH,2014-10-21,ID,SPH_ID,,,,,,,,,,,,,,,,,,,
Sprat Hole,SPH,2015-09-28,ID,SPH_ID,,,,,,,,,,,,,,,,,,,
Sprat Hole,SPH,2016-10-12,Storm17,SPH_Storm17,start,,,,,,,,,,,,,,,,,,
Sprat Hole,SPH,2018-02-26,Storm17,SPH_Storm17,end,,,,,,,,,,,,,,,,,,
Sprat Hole,SPH,2018-11-05,ID,SPH_ID,,,,,,,,,,,,,,,,,,,
Sprat Hole,SPH,2019-10-17,SCTLD,SPH_SCTLD,start,,,,,,,,,,,,,,,,,,
Sprat Hole,SPH,2021-03-14,SCTLD,SPH_SCTLD,interval,,,,,,,,,,,,,,,,,,
Sprat Hole,SPH,2021-11-12,SCTLD,SPH_SCTLD,end,,,,,,,,,,,,,,,,,,
Sprat Hole,SPH,2022-10-22,ID,SPH_ID,,,,,,,,,,,,,,,,,,,
Sprat Hole,SPH,2023-11-12,BL23,SPH_BL23,start,,,,,,,,,,,,,,,,,,
Sprat Hole,SPH,2024-03-15,BL23,SPH_BL23,end,,,,,,,,,,,,,,,,,,
Sprat Hole,SPH,2024-11-14,BL24,SPH_BL24,start,,,,,,,,,,,,,,,,,,
Sprat Hole,SPH,2025-04-14,BL24,SPH_BL24,end,,,,,,,,,,,,,,,,,,
St James,SSJ,2005-06-01,ID,SSJ_ID,,,,,,,,,,,,,,,,,,,
St James,SSJ,2005-10-13,BL05,SSJ_BL05,start,,,,,,,,,,,,,,,,,,
St James,SSJ,2006-07-19,BL05,SSJ_BL05,end,,,,,,,,,,,,,,,,,,
St James,SSJ,2007-09-08,ID,SSJ_ID,,,,,,,,,,,,,,,,,,,
St James,SSJ,2008-07-29,ID,SSJ_ID,,,,,,,,,,,,,,,,,,,
St James,SSJ,2009-06-30,ID,SSJ_ID,,,,,,,,,,,,,,,,,,,
St James,SSJ,2010-11-30,ID,SSJ_ID,,,,,,,,,,,,,,,,,,,
St James,SSJ,2011-10-11,ID,SSJ_ID,,,,,,,,,,,,,,,,,,,
St James,SSJ,2012-11-30,ID,SSJ_ID,,,,,,,,,,,,,,,,,,,
St James,SSJ,2013-10-15,ID,SSJ_ID,,,,,,,,,,,,,,,,,,,
St James,SSJ,2014-10-03,ID,SSJ_ID,,,,,,,,,,,,,,,,,,,
St James,SSJ,2015-10-16,ID,SSJ_ID,,,,,,,,,,,,,,,,,,,
St James,SSJ,2016-11-23,ID,SSJ_ID,,,,,,,,,,,,,,,,,,,
St James,SSJ,2018-01-18,ID,SSJ_ID,,,,,,,,,,,,,,,,,,,
St James,SSJ,2018-12-04,ID,SSJ_ID,,,,,,,,,,,,,,,,,,,
St James,SSJ,2019-12-05,SCTLD,SSJ_SCTLD,start,,,,,,,,,,,,,,,,,,
St James,SSJ,2020-03-05,SCTLD,SSJ_SCTLD,interval,,,,,,,,,,,,,,,,,,
St James,SSJ,2020-11-05,SCTLD,SSJ_SCTLD,end,,,,,,,,,,,,,,,,,,
St James,SSJ,2021-11-04,ID,SSJ_ID,,,,,,,,,,,,,,,,,,,
St James,SSJ,2022-10-12,ID,SSJ_ID,,,,,,,,,,,,,,,,,,,
St James,SSJ,2023-10-19,BL23,SSJ_BL23,start,,,,,,,,,,,,,,,,,,
St James,SSJ,2024-04-26,BL23,SSJ_BL23,end,,,,,,,,,,,,,,,,,,
St James,SSJ,2024-10-29,BL24,SSJ_BL24,start,,,,,,,,,,,,,,,,,,
St James,SSJ,2025-03-23,BL24,SSJ_BL24,end,,,,,,,,,,,,,,,,,,
,,,,,,,,,,,,,,,,,,,,,,,
,,,,,,,,,,,,,,,,,,,,,,,
,,,,,,,,,,,,,,,,,,,,,,,
,,,,,,,,,,,,,,,,,,,,,,,
,,,,,,,,,,,,,,,,,,,,,,,
,,,,,,,,,,,,,,,,,,,,,,,
,,,,,,,,,,,,,,,,,,,,,,,
,,,,,,,,,,,,,,,,,,,,,,,
,,,,,,,,,,,,,,,,,,,,,,,
,,,,,,,,,,,,,,,,,,,,,,,
,,,,,,,,,,,,,,,,,,,,,,,
,,,,,,,,,,,,,,,,,,,,,,,
,,,,,,,,,,,,,,,,,,,,,,,
,,,,,,,,,,,,,,,,,,,,,,,
,,,,,,,,,,,,,,,,,,,,,,,
,,,,,,,,,,,,,,,,,,,,,,,
,,,,,,,,,,,,,,,,,,,,,,,
,,,,,,,,,,,,,,,,,,,,,,,
,,,,,,,,,,,,,,,,,,,,,,,
,,,,,,,,,,,,,,,,,,,,,,,
,,,,,,,,,,,,,,,,,,,,,,,
,,,,,,,,,,,,,,,,,,,,,,,
,,,,,,,,,,,,,,,,,,,,,,,
,,,,,,,,,,,,,,,,,,,,,,,
,,,,,,,,,,,,,,,,,,,,,,,
,,,,,,,,,,,,,,,,,,,,,,,
,,,,,,,,,,,,,,,,,,,,,,,
,,,,,,,,,,,,,,,,,,,,,,,
,,,,,,,,,,,,,,,,,,,,,,,
,,,,,,,,,,,,,,,,,,,,,,,
,,,,,,,,,,,,,,,,,,,,,,,
,,,,,,,,,,,,,,,,,,,,,,,
,,,,,,,,,,,,,,,,,,,,,,,
,,,,,,,,,,,,,,,,,,,,,,,
,,,,,,,,,,,,,,,,,,,,,,,
,,,,,,,,,,,,,,,,,,,,,,,
,,,,,,,,,,,,,,,,,,,,,,,
,,,,,,,,,,,,,,,,,,,,,,,
,,,,,,,,,,,,,,,,,,,,,,,
,,,,,,,,,,,,,,,,,,,,,,,
,,,,,,,,,,,,,,,,,,,,,,,
,,,,,,,,,,,,,,,,,,,,,,,
,,,,,,,,,,,,,,,,,,,,,,,
,,,,,,,,,,,,,,,,,,,,,,,
,,,,,,,,,,,,,,,,,,,,,,,
,,,,,,,,,,,,,,,,,,,,,,,
,,,,,,,,,,,,,,,,,,,,,,,
,,,,,,,,,,,,,,,,,,,,,,,
,,,,,,,,,,,,,,,,,,,,,,,
,,,,,,,,,,,,,,,,,,,,,,,
,,,,,,,,,,,,,,,,,,,,,,,
,,,,,,,,,,,,,,,,,,,,,,,
,,,,,,,,,,,,,,,,,,,,,,,
,,,,,,,,,,,,,,,,,,,,,,,
,,,,,,,,,,,,,,,,,,,,,,,
,,,,,,,,,,,,,,,,,,,,,,,
,,,,,,,,,,,,,,,,,,,,,,,
,,,,,,,,,,,,,,,,,,,,,,,
,,,,,,,,,,,,,,,,,,,,,,,
,,,,,,,,,,,,,,,,,,,,,,,
,,,,,,,,,,,,,,,,,,,,,,,
,,,,,,,,,,,,,,,,,,,,,,,
,,,,,,,,,,,,,,,,,,,,,,,
,,,,,,,,,,,,,,,,,,,,,,,
,,,,,,,,,,,,,,,,,,,,,,,
,,,,,,,,,,,,,,,,,,,,,,,
,,,,,,,,,,,,,,,,,,,,,,,
,,,,,,,,,,,,,,,,,,,,,,,
,,,,,,,,,,,,,,,,,,,,,,,
,,,,,,,,,,,,,,,,,,,,,,,
,,,,,,,,,,,,,,,,,,,,,,,
,,,,,,,,,,,,,,,,,,,,,,,
,,,,,,,,,,,,,,,,,,,,,,,
,,,,,,,,,,,,,,,,,,,,,,,
,,,,,,,,,,,,,,,,,,,,,,,
,,,,,,,,,,,,,,,,,,,,,,,
,,,,,,,,,,,,,,,,,,,,,,,
,,,,,,,,,,,,,,,,,,,,,,,
,,,,,,,,,,,,,,,,,,,,,,,
,,,,,,,,,,,,,,,,,,,,,,,
,,,,,,,,,,,,,,,,,,,,,,,
,,,,,,,,,,,,,,,,,,,,,,,
,,,,,,,,,,,,,,,,,,,,,,,
,,,,,,,,,,,,,,,,,,,,,,,
,,,,,,,,,,,,,,,,,,,,,,,
,,,,,,,,,,,,,,,,,,,,,,,
,,,,,,,,,,,,,,,,,,,,,,,
,,,,,,,,,,,,,,,,,,,,,,,
,,,,,,,,,,,,,,,,,,,,,,,
,,,,,,,,,,,,,,,,,,,,,,,
,,,,,,,,,,,,,,,,,,,,,,,
,,,,,,,,,,,,,,,,,,,,,,,
,,,,,,,,,,,,,,,,,,,,,,,
,,,,,,,,,,,,,,,,,,,,,,,
,,,,,,,,,,,,,,,,,,,,,,,
,,,,,,,,,,,,,,,,,,,,,,,
,,,,,,,,,,,,,,,,,,,,,,,
,,,,,,,,,,,,,,,,,,,,,,,
,,,,,,,,,,,,,,,,,,,,,,,
,,,,,,,,,,,,,,,,,,,,,,,
,,,,,,,,,,,,,,,,,,,,,,,
,,,,,,,,,,,,,,,,,,,,,,,
,,,,,,,,,,,,,,,,,,,,,,,
,,,,,,,,,,,,,,,,,,,,,,,
,,,,,,,,,,,,,,,,,,,,,,,
,,,,,,,,,,,,,,,,,,,,,,,
,,,,,,,,,,,,,,,,,,,,,,,
,,,,,,,,,,,,,,,,,,,,,,,
,,,,,,,,,,,,,,,,,,,,,,,
,,,,,,,,,,,,,,,,,,,,,,,
,,,,,,,,,,,,,,,,,,,,,,,
,,,,,,,,,,,,,,,,,,,,,,,
,,,,,,,,,,,,,,,,,,,,,,,
,,,,,,,,,,,,,,,,,,,,,,,
,,,,,,,,,,,,,,,,,,,,,,,
,,,,,,,,,,,,,,,,,,,,,,,
,,,,,,,,,,,,,,,,,,,,,,,
,,,,,,,,,,,,,,,,,,,,,,,
,,,,,,,,,,,,,,,,,,,,,,,
,,,,,,,,,,,,,,,,,,,,,,,
,,,,,,,,,,,,,,,,,,,,,,,
,,,,,,,,,,,,,,,,,,,,,,,
,,,,,,,,,,,,,,,,,,,,,,,
,,,,,,,,,,,,,,,,,,,,,,,
,,,,,,,,,,,,,,,,,,,,,,,
,,,,,,,,,,,,,,,,,,,,,,,
,,,,,,,,,,,,,,,,,,,,,,,
,,,,,,,,,,,,,,,,,,,,,,,
,,,,,,,,,,,,,,,,,,,,,,,
,,,,,,,,,,,,,,,,,,,,,,,
,,,,,,,,,,,,,,,,,,,,,,,
,,,,,,,,,,,,,,,,,,,,,,,
,,,,,,,,,,,,,,,,,,,,,,,
,,,,,,,,,,,,,,,,,,,,,,,
,,,,,,,,,,,,,,,,,,,,,,,
,,,,,,,,,,,,,,,,,,,,,,,
,,,,,,,,,,,,,,,,,,,,,,,
,,,,,,,,,,,,,,,,,,,,,,,
,,,,,,,,,,,,,,,,,,,,,,,
,,,,,,,,,,,,,,,,,,,,,,,
,,,,,,,,,,,,,,,,,,,,,,,
,,,,,,,,,,,,,,,,,,,,,,,
,,,,,,,,,,,,,,,,,,,,,,,
,,,,,,,,,,,,,,,,,,,,,,,
,,,,,,,,,,,,,,,,,,,,,,,
,,,,,,,,,,,,,,,,,,,,,,,
,,,,,,,,,,,,,,,,,,,,,,,
,,,,,,,,,,,,,,,,,,,,,,,
,,,,,,,,,,,,,,,,,,,,,,,
,,,,,,,,,,,,,,,,,,,,,,,
,,,,,,,,,,,,,,,,,,,,,,,
,,,,,,,,,,,,,,,,,,,,,,,
,,,,,,,,,,,,,,,,,,,,,,,
,,,,,,,,,,,,,,,,,,,,,,,
,,,,,,,,,,,,,,,,,,,,,,,
,,,,,,,,,,,,,,,,,,,,,,,
,,,,,,,,,,,,,,,,,,,,,,,
,,,,,,,,,,,,,,,,,,,,,,,
,,,,,,,,,,,,,,,,,,,,,,,